image_path,cluster
/kaggle/working/sample_dataset/images/d5/d5/4731482952.jpg,11
/kaggle/working/sample_dataset/images/d5/e7/6041336481.jpg,2
/kaggle/working/sample_dataset/images/d5/fe/210665430.jpg,2
/kaggle/working/sample_dataset/images/d5/d2/5680239165.jpg,8
/kaggle/working/sample_dataset/images/d5/b4/5803505830.jpg,1
/kaggle/working/sample_dataset/images/d5/fd/432941990.jpg,19
/kaggle/working/sample_dataset/images/d5/86/8108990342.jpg,2
/kaggle/working/sample_dataset/images/d5/9c/3151805308.jpg,12
/kaggle/working/sample_dataset/images/d5/8d/5660277402.jpg,2
/kaggle/working/sample_dataset/images/ae/3a/3687230671.jpg,9
/kaggle/working/sample_dataset/images/ae/ac/3726692667.jpg,7
/kaggle/working/sample_dataset/images/ae/ac/5582466081.jpg,0
/kaggle/working/sample_dataset/images/ae/1a/5206801525.jpg,12
/kaggle/working/sample_dataset/images/ae/8f/2873911554.jpg,5
/kaggle/working/sample_dataset/images/ae/e0/8745188533.jpg,14
/kaggle/working/sample_dataset/images/ae/a5/7554930068.jpg,5
/kaggle/working/sample_dataset/images/ae/1e/5257352030.jpg,11
/kaggle/working/sample_dataset/images/ae/f5/5915368208.jpg,13
/kaggle/working/sample_dataset/images/ae/07/5675721368.jpg,7
/kaggle/working/sample_dataset/images/54/e3/5244041486.jpg,7
/kaggle/working/sample_dataset/images/54/51/9463075617.jpg,15
/kaggle/working/sample_dataset/images/54/05/6787245949.jpg,2
/kaggle/working/sample_dataset/images/54/c3/1181832808.jpg,19
/kaggle/working/sample_dataset/images/54/95/7983235257.jpg,3
/kaggle/working/sample_dataset/images/54/42/7476380476.jpg,3
/kaggle/working/sample_dataset/images/54/e1/9061053105.jpg,6
/kaggle/working/sample_dataset/images/3a/5d/404330859.jpg,11
/kaggle/working/sample_dataset/images/3a/5a/200644721.jpg,2
/kaggle/working/sample_dataset/images/3a/c8/3585020023.jpg,15
/kaggle/working/sample_dataset/images/3a/97/2291913422.jpg,12
/kaggle/working/sample_dataset/images/3a/3b/5219962928.jpg,17
/kaggle/working/sample_dataset/images/3a/d6/8719371730.jpg,10
/kaggle/working/sample_dataset/images/3a/dc/5572535884.jpg,12
/kaggle/working/sample_dataset/images/e3/09/2413017084.jpg,2
/kaggle/working/sample_dataset/images/e3/ff/3476392131.jpg,7
/kaggle/working/sample_dataset/images/e3/e4/265365590.jpg,16
/kaggle/working/sample_dataset/images/e3/1e/6978900023.jpg,9
/kaggle/working/sample_dataset/images/e3/5a/2668485047.jpg,18
/kaggle/working/sample_dataset/images/e3/19/7244306416.jpg,1
/kaggle/working/sample_dataset/images/e3/06/4411980978.jpg,1
/kaggle/working/sample_dataset/images/e3/b8/8088610217.jpg,9
/kaggle/working/sample_dataset/images/e3/f5/2316066156.jpg,17
/kaggle/working/sample_dataset/images/e3/7a/5013168365.jpg,5
/kaggle/working/sample_dataset/images/e3/20/8344688653.jpg,2
/kaggle/working/sample_dataset/images/e3/80/5875566478.jpg,0
/kaggle/working/sample_dataset/images/e3/70/3347876580.jpg,6
/kaggle/working/sample_dataset/images/04/bc/5324432977.jpg,2
/kaggle/working/sample_dataset/images/04/58/5400041063.jpg,4
/kaggle/working/sample_dataset/images/04/39/4080811353.jpg,4
/kaggle/working/sample_dataset/images/04/87/4546340796.jpg,3
/kaggle/working/sample_dataset/images/04/8c/5868207713.jpg,13
/kaggle/working/sample_dataset/images/04/bf/4266654510.jpg,7
/kaggle/working/sample_dataset/images/04/72/8051489073.jpg,2
/kaggle/working/sample_dataset/images/0d/9f/497830618.jpg,10
/kaggle/working/sample_dataset/images/0d/53/1015770642.jpg,15
/kaggle/working/sample_dataset/images/0d/85/153752450.jpg,1
/kaggle/working/sample_dataset/images/0d/48/8093471795.jpg,9
/kaggle/working/sample_dataset/images/0d/16/4515349827.jpg,3
/kaggle/working/sample_dataset/images/0d/d0/478978577.jpg,4
/kaggle/working/sample_dataset/images/a7/cc/1167662570.jpg,1
/kaggle/working/sample_dataset/images/a7/ad/1577940934.jpg,3
/kaggle/working/sample_dataset/images/a7/c7/8121033079.jpg,1
/kaggle/working/sample_dataset/images/a7/a6/8524093867.jpg,10
/kaggle/working/sample_dataset/images/a7/97/8420092237.jpg,2
/kaggle/working/sample_dataset/images/a7/85/2071872059.jpg,3
/kaggle/working/sample_dataset/images/a7/47/12155349596.jpg,8
/kaggle/working/sample_dataset/images/a7/01/2145678177.jpg,18
/kaggle/working/sample_dataset/images/a7/b6/454435864.jpg,13
/kaggle/working/sample_dataset/images/a7/96/7149413331.jpg,10
/kaggle/working/sample_dataset/images/a7/92/3067316507.jpg,5
/kaggle/working/sample_dataset/images/30/0d/8474398053.jpg,13
/kaggle/working/sample_dataset/images/30/09/5591294324.jpg,16
/kaggle/working/sample_dataset/images/30/05/5442613071.jpg,18
/kaggle/working/sample_dataset/images/30/c2/2955051042.jpg,7
/kaggle/working/sample_dataset/images/30/99/181868181.jpg,14
/kaggle/working/sample_dataset/images/30/42/5646143589.jpg,9
/kaggle/working/sample_dataset/images/30/4c/2997945079.jpg,1
/kaggle/working/sample_dataset/images/30/22/1277269930.jpg,6
/kaggle/working/sample_dataset/images/b7/54/139018112.jpg,0
/kaggle/working/sample_dataset/images/b7/52/7303212842.jpg,19
/kaggle/working/sample_dataset/images/b7/cf/2939632008.jpg,9
/kaggle/working/sample_dataset/images/b7/99/4879193688.jpg,2
/kaggle/working/sample_dataset/images/b7/82/254494733.jpg,9
/kaggle/working/sample_dataset/images/b7/c0/4847945482.jpg,4
/kaggle/working/sample_dataset/images/b7/13/4300053745.jpg,19
/kaggle/working/sample_dataset/images/b7/20/8337896998.jpg,15
/kaggle/working/sample_dataset/images/2c/23/4122695810.jpg,0
/kaggle/working/sample_dataset/images/2c/ee/3084366316.jpg,0
/kaggle/working/sample_dataset/images/2c/fd/6122122773.jpg,7
/kaggle/working/sample_dataset/images/2c/41/5284169779.jpg,2
/kaggle/working/sample_dataset/images/2c/b8/173405354.jpg,15
/kaggle/working/sample_dataset/images/2c/92/4732817433.jpg,6
/kaggle/working/sample_dataset/images/2c/68/2742347600.jpg,3
/kaggle/working/sample_dataset/images/be/90/34874422.jpg,17
/kaggle/working/sample_dataset/images/be/9f/2502504504.jpg,5
/kaggle/working/sample_dataset/images/be/c2/5669418276.jpg,15
/kaggle/working/sample_dataset/images/be/28/3546744226.jpg,2
/kaggle/working/sample_dataset/images/be/28/4315255734.jpg,4
/kaggle/working/sample_dataset/images/be/b3/1178374121.jpg,19
/kaggle/working/sample_dataset/images/be/96/7976113388.jpg,1
/kaggle/working/sample_dataset/images/be/7b/4403919103.jpg,2
/kaggle/working/sample_dataset/images/be/b0/6774403141.jpg,2
/kaggle/working/sample_dataset/images/40/ae/9188854495.jpg,14
/kaggle/working/sample_dataset/images/40/cf/5915462908.jpg,1
/kaggle/working/sample_dataset/images/40/29/1130544830.jpg,2
/kaggle/working/sample_dataset/images/40/49/217459636.jpg,2
/kaggle/working/sample_dataset/images/40/3e/3385043287.jpg,5
/kaggle/working/sample_dataset/images/40/c4/2132013450.jpg,15
/kaggle/working/sample_dataset/images/23/5a/6202338906.jpg,14
/kaggle/working/sample_dataset/images/23/c0/8552056756.jpg,10
/kaggle/working/sample_dataset/images/23/97/2839530850.jpg,1
/kaggle/working/sample_dataset/images/23/df/235471337.jpg,18
/kaggle/working/sample_dataset/images/23/eb/6702904547.jpg,16
/kaggle/working/sample_dataset/images/35/23/3378787191.jpg,2
/kaggle/working/sample_dataset/images/35/bc/470461102.jpg,8
/kaggle/working/sample_dataset/images/35/2a/4650710939.jpg,9
/kaggle/working/sample_dataset/images/35/75/5540094435.jpg,2
/kaggle/working/sample_dataset/images/35/8f/8637272545.jpg,1
/kaggle/working/sample_dataset/images/35/14/4639150670.jpg,19
/kaggle/working/sample_dataset/images/35/fb/7663873128.jpg,16
/kaggle/working/sample_dataset/images/35/d6/6880012976.jpg,6
/kaggle/working/sample_dataset/images/35/26/3747327377.jpg,4
/kaggle/working/sample_dataset/images/90/42/899784787.jpg,15
/kaggle/working/sample_dataset/images/90/cb/3589352786.jpg,1
/kaggle/working/sample_dataset/images/90/97/3700901792.jpg,3
/kaggle/working/sample_dataset/images/ba/0e/3730511958.jpg,7
/kaggle/working/sample_dataset/images/ba/b9/3793869472.jpg,9
/kaggle/working/sample_dataset/images/ba/e5/371282266.jpg,10
/kaggle/working/sample_dataset/images/ba/2e/1312077730.jpg,0
/kaggle/working/sample_dataset/images/ba/82/4928227584.jpg,3
/kaggle/working/sample_dataset/images/ba/b5/5797436332.jpg,2
/kaggle/working/sample_dataset/images/ba/62/4322685766.jpg,11
/kaggle/working/sample_dataset/images/ba/8c/2642873331.jpg,5
/kaggle/working/sample_dataset/images/ba/b1/623239141.jpg,3
/kaggle/working/sample_dataset/images/ba/c6/1218717458.jpg,2
/kaggle/working/sample_dataset/images/a4/69/214440490.jpg,18
/kaggle/working/sample_dataset/images/a4/6e/12350066884.jpg,2
/kaggle/working/sample_dataset/images/a4/a6/6951029097.jpg,15
/kaggle/working/sample_dataset/images/a4/ea/7845902918.jpg,12
/kaggle/working/sample_dataset/images/a4/08/239139970.jpg,2
/kaggle/working/sample_dataset/images/a4/fd/5118406662.jpg,7
/kaggle/working/sample_dataset/images/a4/64/501932768.jpg,5
/kaggle/working/sample_dataset/images/a4/4c/5677073811.jpg,19
/kaggle/working/sample_dataset/images/27/d5/4807164857.jpg,12
/kaggle/working/sample_dataset/images/27/f4/829873274.jpg,8
/kaggle/working/sample_dataset/images/27/e2/3556104391.jpg,4
/kaggle/working/sample_dataset/images/27/e8/43183448.jpg,9
/kaggle/working/sample_dataset/images/27/cb/5427456976.jpg,2
/kaggle/working/sample_dataset/images/27/92/2475793820.jpg,1
/kaggle/working/sample_dataset/images/27/2f/13873462535.jpg,8
/kaggle/working/sample_dataset/images/bc/f7/3406674461.jpg,13
/kaggle/working/sample_dataset/images/bc/5f/6245450250.jpg,11
/kaggle/working/sample_dataset/images/bc/9f/5738483598.jpg,7
/kaggle/working/sample_dataset/images/bc/fc/223429126.jpg,10
/kaggle/working/sample_dataset/images/bc/e7/12715208434.jpg,5
/kaggle/working/sample_dataset/images/bc/0b/6700644699.jpg,6
/kaggle/working/sample_dataset/images/bc/13/229772183.jpg,14
/kaggle/working/sample_dataset/images/bc/fa/2091245316.jpg,8
/kaggle/working/sample_dataset/images/bc/df/4180539502.jpg,10
/kaggle/working/sample_dataset/images/3c/51/2488156920.jpg,14
/kaggle/working/sample_dataset/images/3c/43/4476248327.jpg,2
/kaggle/working/sample_dataset/images/3c/7f/2241688688.jpg,2
/kaggle/working/sample_dataset/images/3c/7f/6654486449.jpg,9
/kaggle/working/sample_dataset/images/3c/76/11244199895.jpg,7
/kaggle/working/sample_dataset/images/3c/f6/3920986633.jpg,11
/kaggle/working/sample_dataset/images/0e/3a/8711150074.jpg,11
/kaggle/working/sample_dataset/images/0e/60/2276855135.jpg,12
/kaggle/working/sample_dataset/images/0e/a9/4086677653.jpg,11
/kaggle/working/sample_dataset/images/0e/9b/11217902413.jpg,13
/kaggle/working/sample_dataset/images/0e/1e/5189662076.jpg,2
/kaggle/working/sample_dataset/images/0e/6d/2767421960.jpg,11
/kaggle/working/sample_dataset/images/0e/e1/12051531145.jpg,11
/kaggle/working/sample_dataset/images/74/ba/3805701778.jpg,2
/kaggle/working/sample_dataset/images/74/9f/11562607305.jpg,11
/kaggle/working/sample_dataset/images/74/8b/5873963296.jpg,14
/kaggle/working/sample_dataset/images/74/cd/8749190860.jpg,9
/kaggle/working/sample_dataset/images/74/84/6241569445.jpg,4
/kaggle/working/sample_dataset/images/f7/54/12300981833.jpg,2
/kaggle/working/sample_dataset/images/f7/60/2664850896.jpg,2
/kaggle/working/sample_dataset/images/f7/b4/2439880310.jpg,2
/kaggle/working/sample_dataset/images/f7/56/6038700844.jpg,9
/kaggle/working/sample_dataset/images/f7/a6/5181924538.jpg,8
/kaggle/working/sample_dataset/images/f7/ec/3153521676.jpg,1
/kaggle/working/sample_dataset/images/f7/08/5966506834.jpg,15
/kaggle/working/sample_dataset/images/b9/40/629196792.jpg,9
/kaggle/working/sample_dataset/images/b9/74/8241781126.jpg,1
/kaggle/working/sample_dataset/images/b9/2a/3181887115.jpg,9
/kaggle/working/sample_dataset/images/b9/6a/6178937834.jpg,1
/kaggle/working/sample_dataset/images/b9/15/2779606294.jpg,13
/kaggle/working/sample_dataset/images/b9/62/8537910509.jpg,9
/kaggle/working/sample_dataset/images/b9/78/6834862535.jpg,9
/kaggle/working/sample_dataset/images/b9/7a/160950360.jpg,10
/kaggle/working/sample_dataset/images/b9/d6/3682478410.jpg,3
/kaggle/working/sample_dataset/images/b9/c6/4825563278.jpg,2
/kaggle/working/sample_dataset/images/b9/d0/2954964781.jpg,13
/kaggle/working/sample_dataset/images/0c/b7/5659838404.jpg,15
/kaggle/working/sample_dataset/images/0c/bc/8499364323.jpg,2
/kaggle/working/sample_dataset/images/0c/06/9002047488.jpg,7
/kaggle/working/sample_dataset/images/0c/84/4732359975.jpg,9
/kaggle/working/sample_dataset/images/0c/14/450778056.jpg,3
/kaggle/working/sample_dataset/images/0c/a0/2080073595.jpg,2
/kaggle/working/sample_dataset/images/0c/34/2177684573.jpg,3
/kaggle/working/sample_dataset/images/0c/b1/3761666848.jpg,9
/kaggle/working/sample_dataset/images/0c/11/1406780611.jpg,2
/kaggle/working/sample_dataset/images/91/e3/5214475305.jpg,5
/kaggle/working/sample_dataset/images/91/0e/5071139037.jpg,15
/kaggle/working/sample_dataset/images/91/ad/2610846981.jpg,14
/kaggle/working/sample_dataset/images/91/fc/1425423570.jpg,9
/kaggle/working/sample_dataset/images/91/4b/6813967835.jpg,5
/kaggle/working/sample_dataset/images/91/14/511399571.jpg,12
/kaggle/working/sample_dataset/images/91/89/4260278912.jpg,0
/kaggle/working/sample_dataset/images/91/4c/5842470601.jpg,9
/kaggle/working/sample_dataset/images/91/94/8816324731.jpg,9
/kaggle/working/sample_dataset/images/ac/54/5462104386.jpg,4
/kaggle/working/sample_dataset/images/ac/33/8292593247.jpg,0
/kaggle/working/sample_dataset/images/ac/7f/13924815375.jpg,3
/kaggle/working/sample_dataset/images/ac/1d/128997755.jpg,4
/kaggle/working/sample_dataset/images/ac/98/6833216525.jpg,9
/kaggle/working/sample_dataset/images/ac/29/7648275754.jpg,3
/kaggle/working/sample_dataset/images/ac/2e/8462074251.jpg,9
/kaggle/working/sample_dataset/images/ac/31/118336408.jpg,4
/kaggle/working/sample_dataset/images/d3/a6/9448972594.jpg,6
/kaggle/working/sample_dataset/images/d3/a2/8671742108.jpg,9
/kaggle/working/sample_dataset/images/d3/65/6051682.jpg,15
/kaggle/working/sample_dataset/images/d3/07/6798195445.jpg,1
/kaggle/working/sample_dataset/images/cc/04/244800355.jpg,19
/kaggle/working/sample_dataset/images/cc/69/4748908156.jpg,4
/kaggle/working/sample_dataset/images/cc/8b/2168842911.jpg,2
/kaggle/working/sample_dataset/images/cc/08/3798141315.jpg,19
/kaggle/working/sample_dataset/images/cc/84/5290113152.jpg,16
/kaggle/working/sample_dataset/images/cc/f6/5129072044.jpg,15
/kaggle/working/sample_dataset/images/cc/65/314680945.jpg,12
/kaggle/working/sample_dataset/images/f4/a9/5161202877.jpg,16
/kaggle/working/sample_dataset/images/f4/9b/4433853982.jpg,15
/kaggle/working/sample_dataset/images/f4/ec/5458361344.jpg,9
/kaggle/working/sample_dataset/images/f4/ea/2419595078.jpg,2
/kaggle/working/sample_dataset/images/f4/b1/3736387420.jpg,3
/kaggle/working/sample_dataset/images/58/7d/4578920764.jpg,2
/kaggle/working/sample_dataset/images/58/c1/8562790802.jpg,10
/kaggle/working/sample_dataset/images/58/ed/3201920681.jpg,14
/kaggle/working/sample_dataset/images/58/17/6522985957.jpg,13
/kaggle/working/sample_dataset/images/58/7a/392979854.jpg,16
/kaggle/working/sample_dataset/images/58/a8/9697054447.jpg,7
/kaggle/working/sample_dataset/images/58/b2/8725888970.jpg,7
/kaggle/working/sample_dataset/images/1c/b9/3328395314.jpg,7
/kaggle/working/sample_dataset/images/1c/52/10073406104.jpg,15
/kaggle/working/sample_dataset/images/1c/77/4503337031.jpg,7
/kaggle/working/sample_dataset/images/1c/33/7860508508.jpg,6
/kaggle/working/sample_dataset/images/1c/c1/8152205195.jpg,14
/kaggle/working/sample_dataset/images/1c/39/3928711922.jpg,10
/kaggle/working/sample_dataset/images/1c/84/8494378100.jpg,9
/kaggle/working/sample_dataset/images/1c/48/9546932370.jpg,9
/kaggle/working/sample_dataset/images/3d/f7/4215156799.jpg,13
/kaggle/working/sample_dataset/images/3d/91/12801921593.jpg,2
/kaggle/working/sample_dataset/images/3d/1c/8395791645.jpg,4
/kaggle/working/sample_dataset/images/3d/0f/435646996.jpg,11
/kaggle/working/sample_dataset/images/3d/01/218347599.jpg,9
/kaggle/working/sample_dataset/images/3d/03/239618270.jpg,4
/kaggle/working/sample_dataset/images/3d/8d/5581326883.jpg,10
/kaggle/working/sample_dataset/images/52/23/569241681.jpg,14
/kaggle/working/sample_dataset/images/52/93/3405343708.jpg,1
/kaggle/working/sample_dataset/images/52/a2/78652193.jpg,2
/kaggle/working/sample_dataset/images/69/3c/2492434603.jpg,9
/kaggle/working/sample_dataset/images/69/0c/633179534.jpg,1
/kaggle/working/sample_dataset/images/69/bb/6593321765.jpg,13
/kaggle/working/sample_dataset/images/69/cd/1205643335.jpg,1
/kaggle/working/sample_dataset/images/69/42/2835668929.jpg,2
/kaggle/working/sample_dataset/images/69/4b/6177587368.jpg,2
/kaggle/working/sample_dataset/images/2d/c1/8021983219.jpg,7
/kaggle/working/sample_dataset/images/2d/e7/1454351783.jpg,6
/kaggle/working/sample_dataset/images/2d/56/6833201621.jpg,2
/kaggle/working/sample_dataset/images/2d/12/3224327138.jpg,2
/kaggle/working/sample_dataset/images/2d/34/8095341980.jpg,11
/kaggle/working/sample_dataset/images/2d/20/954012703.jpg,10
/kaggle/working/sample_dataset/images/2d/80/332898992.jpg,9
/kaggle/working/sample_dataset/images/2d/dc/1556480023.jpg,5
/kaggle/working/sample_dataset/images/2d/9c/5013697273.jpg,0
/kaggle/working/sample_dataset/images/ad/54/3763241514.jpg,11
/kaggle/working/sample_dataset/images/ad/f0/8475244561.jpg,9
/kaggle/working/sample_dataset/images/ad/6a/761842818.jpg,16
/kaggle/working/sample_dataset/images/ad/d9/10362688254.jpg,1
/kaggle/working/sample_dataset/images/ad/61/3566069348.jpg,1
/kaggle/working/sample_dataset/images/ad/70/2506762393.jpg,17
/kaggle/working/sample_dataset/images/77/bc/4256271565.jpg,12
/kaggle/working/sample_dataset/images/77/91/9711688023.jpg,3
/kaggle/working/sample_dataset/images/77/f1/4665135635.jpg,12
/kaggle/working/sample_dataset/images/77/88/3810226406.jpg,2
/kaggle/working/sample_dataset/images/77/dc/11318831474.jpg,1
/kaggle/working/sample_dataset/images/77/c4/2542761887.jpg,9
/kaggle/working/sample_dataset/images/51/a7/2396471457.jpg,2
/kaggle/working/sample_dataset/images/51/b7/9390041310.jpg,1
/kaggle/working/sample_dataset/images/51/f2/3742804578.jpg,9
/kaggle/working/sample_dataset/images/51/0b/427145534.jpg,19
/kaggle/working/sample_dataset/images/51/fa/1240876071.jpg,13
/kaggle/working/sample_dataset/images/51/d6/3213557268.jpg,9
/kaggle/working/sample_dataset/images/51/a8/2216698145.jpg,0
/kaggle/working/sample_dataset/images/51/8d/3562670330.jpg,2
/kaggle/working/sample_dataset/images/5f/8b/6333269550.jpg,3
/kaggle/working/sample_dataset/images/5f/71/15645839.jpg,11
/kaggle/working/sample_dataset/images/5f/f0/207178538.jpg,7
/kaggle/working/sample_dataset/images/5f/10/3510539299.jpg,1
/kaggle/working/sample_dataset/images/5f/4d/1939149476.jpg,17
/kaggle/working/sample_dataset/images/5f/7a/7662967534.jpg,17
/kaggle/working/sample_dataset/images/5f/86/6990857032.jpg,10
/kaggle/working/sample_dataset/images/5f/c4/2551680859.jpg,5
/kaggle/working/sample_dataset/images/7d/ba/4711517017.jpg,9
/kaggle/working/sample_dataset/images/7d/f7/818765240.jpg,7
/kaggle/working/sample_dataset/images/7d/ee/9330244602.jpg,1
/kaggle/working/sample_dataset/images/7d/00/526719403.jpg,2
/kaggle/working/sample_dataset/images/7d/31/2657387061.jpg,14
/kaggle/working/sample_dataset/images/36/58/2671557673.jpg,1
/kaggle/working/sample_dataset/images/36/55/4756358058.jpg,4
/kaggle/working/sample_dataset/images/36/66/2106146112.jpg,13
/kaggle/working/sample_dataset/images/36/9a/2484662993.jpg,2
/kaggle/working/sample_dataset/images/36/78/8335741691.jpg,10
/kaggle/working/sample_dataset/images/36/a0/343033133.jpg,2
/kaggle/working/sample_dataset/images/e6/5f/2760600006.jpg,4
/kaggle/working/sample_dataset/images/e6/fc/3002719784.jpg,2
/kaggle/working/sample_dataset/images/e6/ee/8328085004.jpg,16
/kaggle/working/sample_dataset/images/e6/66/6174598472.jpg,19
/kaggle/working/sample_dataset/images/e6/8c/4773323416.jpg,13
/kaggle/working/sample_dataset/images/e6/17/4848356183.jpg,10
/kaggle/working/sample_dataset/images/e6/80/3194332612.jpg,18
/kaggle/working/sample_dataset/images/e6/72/2441520440.jpg,7
/kaggle/working/sample_dataset/images/e6/b0/9165884756.jpg,8
/kaggle/working/sample_dataset/images/33/36/2443748657.jpg,2
/kaggle/working/sample_dataset/images/33/f8/3042120204.jpg,3
/kaggle/working/sample_dataset/images/33/75/5442205731.jpg,2
/kaggle/working/sample_dataset/images/33/f2/433795882.jpg,13
/kaggle/working/sample_dataset/images/33/cd/3436157017.jpg,17
/kaggle/working/sample_dataset/images/33/0a/3458834424.jpg,8
/kaggle/working/sample_dataset/images/33/6a/6955557756.jpg,15
/kaggle/working/sample_dataset/images/33/7c/5131840744.jpg,2
/kaggle/working/sample_dataset/images/33/86/5637033675.jpg,2
/kaggle/working/sample_dataset/images/33/1f/4502805749.jpg,18
/kaggle/working/sample_dataset/images/33/de/3706444351.jpg,2
/kaggle/working/sample_dataset/images/e5/7d/5053532698.jpg,2
/kaggle/working/sample_dataset/images/e5/c7/9109729441.jpg,14
/kaggle/working/sample_dataset/images/e5/00/3899914975.jpg,6
/kaggle/working/sample_dataset/images/e5/08/9456717063.jpg,19
/kaggle/working/sample_dataset/images/e5/ce/4234494080.jpg,1
/kaggle/working/sample_dataset/images/e5/e9/3391102600.jpg,2
/kaggle/working/sample_dataset/images/e5/db/2615769481.jpg,10
/kaggle/working/sample_dataset/images/e5/bf/4838929693.jpg,10
/kaggle/working/sample_dataset/images/e5/c6/169104284.jpg,19
/kaggle/working/sample_dataset/images/6e/56/178709254.jpg,13
/kaggle/working/sample_dataset/images/6e/bb/6844335312.jpg,13
/kaggle/working/sample_dataset/images/6e/17/4231061954.jpg,9
/kaggle/working/sample_dataset/images/6e/67/6671839729.jpg,2
/kaggle/working/sample_dataset/images/6e/d6/5658655604.jpg,13
/kaggle/working/sample_dataset/images/6e/9c/2118767556.jpg,15
/kaggle/working/sample_dataset/images/1a/27/8105753613.jpg,2
/kaggle/working/sample_dataset/images/1a/69/2159344248.jpg,15
/kaggle/working/sample_dataset/images/1a/d7/458665668.jpg,10
/kaggle/working/sample_dataset/images/1a/fe/8594637158.jpg,13
/kaggle/working/sample_dataset/images/1a/87/4151743981.jpg,12
/kaggle/working/sample_dataset/images/1a/4c/3129690719.jpg,14
/kaggle/working/sample_dataset/images/1a/de/2556689153.jpg,14
/kaggle/working/sample_dataset/images/2a/05/5533406341.jpg,6
/kaggle/working/sample_dataset/images/2a/c3/2280643880.jpg,13
/kaggle/working/sample_dataset/images/2a/ee/4565778680.jpg,17
/kaggle/working/sample_dataset/images/2a/bb/4488804607.jpg,13
/kaggle/working/sample_dataset/images/2a/0a/2957940274.jpg,4
/kaggle/working/sample_dataset/images/2a/ea/5355074575.jpg,2
/kaggle/working/sample_dataset/images/2a/83/5089622936.jpg,15
/kaggle/working/sample_dataset/images/2a/c6/9144565914.jpg,4
/kaggle/working/sample_dataset/images/2a/6f/12103010864.jpg,2
/kaggle/working/sample_dataset/images/09/ae/2380464060.jpg,2
/kaggle/working/sample_dataset/images/09/58/1071454901.jpg,13
/kaggle/working/sample_dataset/images/09/d7/4908860782.jpg,16
/kaggle/working/sample_dataset/images/09/9b/5970598942.jpg,7
/kaggle/working/sample_dataset/images/09/57/8212968534.jpg,12
/kaggle/working/sample_dataset/images/9f/c1/2101080554.jpg,1
/kaggle/working/sample_dataset/images/9f/c8/222947884.jpg,6
/kaggle/working/sample_dataset/images/9f/65/5073158655.jpg,17
/kaggle/working/sample_dataset/images/9f/c6/5662141405.jpg,6
/kaggle/working/sample_dataset/images/9f/8d/3398178098.jpg,12
/kaggle/working/sample_dataset/images/5d/0c/12310873.jpg,16
/kaggle/working/sample_dataset/images/5d/2d/7093083869.jpg,18
/kaggle/working/sample_dataset/images/5d/5f/4732855620.jpg,13
/kaggle/working/sample_dataset/images/5d/8f/8985274355.jpg,7
/kaggle/working/sample_dataset/images/5d/82/2797202600.jpg,11
/kaggle/working/sample_dataset/images/5d/00/5473840996.jpg,1
/kaggle/working/sample_dataset/images/5d/62/3626000093.jpg,2
/kaggle/working/sample_dataset/images/5d/c6/5100220382.jpg,16
/kaggle/working/sample_dataset/images/9e/27/4697841522.jpg,2
/kaggle/working/sample_dataset/images/9e/28/9453629764.jpg,2
/kaggle/working/sample_dataset/images/9e/bb/5033207076.jpg,1
/kaggle/working/sample_dataset/images/9e/71/4011856569.jpg,1
/kaggle/working/sample_dataset/images/9e/cd/4303772299.jpg,7
/kaggle/working/sample_dataset/images/9e/0b/2140843077.jpg,2
/kaggle/working/sample_dataset/images/9e/37/5804424050.jpg,1
/kaggle/working/sample_dataset/images/9e/37/8256814672.jpg,2
/kaggle/working/sample_dataset/images/9e/62/2283523509.jpg,17
/kaggle/working/sample_dataset/images/9e/2f/8500701971.jpg,12
/kaggle/working/sample_dataset/images/9e/68/8510054465.jpg,11
/kaggle/working/sample_dataset/images/c1/58/2507000461.jpg,2
/kaggle/working/sample_dataset/images/c1/5f/7527154566.jpg,1
/kaggle/working/sample_dataset/images/c1/53/2627418702.jpg,1
/kaggle/working/sample_dataset/images/c1/87/3382194061.jpg,4
/kaggle/working/sample_dataset/images/c1/64/1417668487.jpg,17
/kaggle/working/sample_dataset/images/c1/3b/7038098103.jpg,10
/kaggle/working/sample_dataset/images/c1/7b/4840679298.jpg,7
/kaggle/working/sample_dataset/images/0f/35/3684054936.jpg,2
/kaggle/working/sample_dataset/images/0f/e8/7660562238.jpg,1
/kaggle/working/sample_dataset/images/0f/4e/93646125.jpg,3
/kaggle/working/sample_dataset/images/0f/a3/5048126443.jpg,5
/kaggle/working/sample_dataset/images/0f/4c/4214592155.jpg,3
/kaggle/working/sample_dataset/images/0f/11/8153302476.jpg,2
/kaggle/working/sample_dataset/images/fc/74/12439497203.jpg,3
/kaggle/working/sample_dataset/images/fc/2d/6713593583.jpg,2
/kaggle/working/sample_dataset/images/fc/ad/2350913990.jpg,9
/kaggle/working/sample_dataset/images/fc/6d/9720322090.jpg,4
/kaggle/working/sample_dataset/images/fc/38/6608097063.jpg,2
/kaggle/working/sample_dataset/images/fc/a1/5395291420.jpg,1
/kaggle/working/sample_dataset/images/fc/83/7695933248.jpg,2
/kaggle/working/sample_dataset/images/fc/f5/297061034.jpg,9
/kaggle/working/sample_dataset/images/fc/34/4814549192.jpg,16
/kaggle/working/sample_dataset/images/fc/67/7758837394.jpg,10
/kaggle/working/sample_dataset/images/ed/36/2361418896.jpg,12
/kaggle/working/sample_dataset/images/ed/84/153823893.jpg,18
/kaggle/working/sample_dataset/images/05/5d/865346105.jpg,19
/kaggle/working/sample_dataset/images/05/0a/5338554437.jpg,16
/kaggle/working/sample_dataset/images/d7/77/5686795437.jpg,13
/kaggle/working/sample_dataset/images/d7/77/7603839486.jpg,9
/kaggle/working/sample_dataset/images/d7/5a/3103727286.jpg,5
/kaggle/working/sample_dataset/images/d7/29/5839030630.jpg,9
/kaggle/working/sample_dataset/images/d7/c0/8697650134.jpg,13
/kaggle/working/sample_dataset/images/d7/64/4994994928.jpg,16
/kaggle/working/sample_dataset/images/d7/67/8497544834.jpg,7
/kaggle/working/sample_dataset/images/d7/80/6319194583.jpg,2
/kaggle/working/sample_dataset/images/d7/26/8149179538.jpg,9
/kaggle/working/sample_dataset/images/c2/be/4818400676.jpg,17
/kaggle/working/sample_dataset/images/c2/9e/2351843671.jpg,3
/kaggle/working/sample_dataset/images/c2/db/3707883598.jpg,2
/kaggle/working/sample_dataset/images/c2/db/230455129.jpg,9
/kaggle/working/sample_dataset/images/c2/31/2854081828.jpg,19
/kaggle/working/sample_dataset/images/f8/39/3800086952.jpg,8
/kaggle/working/sample_dataset/images/f8/6a/2461354071.jpg,16
/kaggle/working/sample_dataset/images/f8/6a/4799378787.jpg,2
/kaggle/working/sample_dataset/images/f8/9a/5883157062.jpg,10
/kaggle/working/sample_dataset/images/f8/89/515802329.jpg,2
/kaggle/working/sample_dataset/images/f8/8d/3140891481.jpg,19
/kaggle/working/sample_dataset/images/60/d7/179270245.jpg,17
/kaggle/working/sample_dataset/images/60/dd/4409409402.jpg,7
/kaggle/working/sample_dataset/images/60/ff/2512696613.jpg,15
/kaggle/working/sample_dataset/images/60/ff/6265643658.jpg,9
/kaggle/working/sample_dataset/images/60/bb/5737228071.jpg,15
/kaggle/working/sample_dataset/images/60/e0/2473362405.jpg,11
/kaggle/working/sample_dataset/images/60/0a/5610796170.jpg,2
/kaggle/working/sample_dataset/images/60/10/510162772.jpg,19
/kaggle/working/sample_dataset/images/60/14/2540318458.jpg,13
/kaggle/working/sample_dataset/images/60/96/9328372207.jpg,1
/kaggle/working/sample_dataset/images/60/34/5050483834.jpg,2
/kaggle/working/sample_dataset/images/60/16/2218757775.jpg,2
/kaggle/working/sample_dataset/images/60/67/3278913954.jpg,2
/kaggle/working/sample_dataset/images/60/22/247126872.jpg,13
/kaggle/working/sample_dataset/images/75/d5/4108643378.jpg,0
/kaggle/working/sample_dataset/images/75/3a/102870225.jpg,3
/kaggle/working/sample_dataset/images/75/04/3469406997.jpg,4
/kaggle/working/sample_dataset/images/75/bc/7184149220.jpg,4
/kaggle/working/sample_dataset/images/75/0c/6982904597.jpg,8
/kaggle/working/sample_dataset/images/75/69/8561965576.jpg,1
/kaggle/working/sample_dataset/images/75/09/7503947588.jpg,2
/kaggle/working/sample_dataset/images/75/c1/11689852536.jpg,9
/kaggle/working/sample_dataset/images/75/c0/5582211795.jpg,1
/kaggle/working/sample_dataset/images/75/00/7349244778.jpg,7
/kaggle/working/sample_dataset/images/75/7e/10076404793.jpg,17
/kaggle/working/sample_dataset/images/75/4d/1801020088.jpg,1
/kaggle/working/sample_dataset/images/dd/51/3726535895.jpg,15
/kaggle/working/sample_dataset/images/dd/9f/52727666.jpg,8
/kaggle/working/sample_dataset/images/dd/39/2116415618.jpg,5
/kaggle/working/sample_dataset/images/dd/08/8050287161.jpg,2
/kaggle/working/sample_dataset/images/dd/01/8562518531.jpg,5
/kaggle/working/sample_dataset/images/43/3a/10380843966.jpg,11
/kaggle/working/sample_dataset/images/43/8b/9666360271.jpg,1
/kaggle/working/sample_dataset/images/43/ce/8628051697.jpg,9
/kaggle/working/sample_dataset/images/43/66/3923487349.jpg,1
/kaggle/working/sample_dataset/images/43/34/354697588.jpg,4
/kaggle/working/sample_dataset/images/43/86/5334009770.jpg,1
/kaggle/working/sample_dataset/images/ef/d5/3596785358.jpg,14
/kaggle/working/sample_dataset/images/ef/ba/2541900399.jpg,17
/kaggle/working/sample_dataset/images/ef/ac/2187478396.jpg,5
/kaggle/working/sample_dataset/images/ef/e6/7951029782.jpg,2
/kaggle/working/sample_dataset/images/ef/ed/522875945.jpg,9
/kaggle/working/sample_dataset/images/ef/1d/8332460402.jpg,12
/kaggle/working/sample_dataset/images/ef/02/210012560.jpg,9
/kaggle/working/sample_dataset/images/ef/6d/6071546768.jpg,6
/kaggle/working/sample_dataset/images/ef/f0/9724998580.jpg,7
/kaggle/working/sample_dataset/images/ef/82/354008656.jpg,0
/kaggle/working/sample_dataset/images/ef/08/1368504698.jpg,1
/kaggle/working/sample_dataset/images/ef/78/107996737.jpg,1
/kaggle/working/sample_dataset/images/ef/f5/3882562132.jpg,4
/kaggle/working/sample_dataset/images/cf/58/2233543350.jpg,2
/kaggle/working/sample_dataset/images/cf/aa/1795407010.jpg,13
/kaggle/working/sample_dataset/images/cf/aa/3516812574.jpg,4
/kaggle/working/sample_dataset/images/cf/ea/215438027.jpg,7
/kaggle/working/sample_dataset/images/cf/64/8285506010.jpg,6
/kaggle/working/sample_dataset/images/cf/96/3262063111.jpg,7
/kaggle/working/sample_dataset/images/cf/e1/9220147266.jpg,2
/kaggle/working/sample_dataset/images/cf/03/13525081335.jpg,9
/kaggle/working/sample_dataset/images/79/23/5073132329.jpg,14
/kaggle/working/sample_dataset/images/79/2d/4855074373.jpg,8
/kaggle/working/sample_dataset/images/79/2d/4465826446.jpg,17
/kaggle/working/sample_dataset/images/79/8f/487922993.jpg,2
/kaggle/working/sample_dataset/images/79/f2/5490219423.jpg,2
/kaggle/working/sample_dataset/images/79/39/5995101423.jpg,2
/kaggle/working/sample_dataset/images/79/ec/1357746078.jpg,4
/kaggle/working/sample_dataset/images/79/06/8102233877.jpg,9
/kaggle/working/sample_dataset/images/79/08/2512135178.jpg,6
/kaggle/working/sample_dataset/images/79/47/5296318149.jpg,16
/kaggle/working/sample_dataset/images/79/49/2476847882.jpg,2
/kaggle/working/sample_dataset/images/79/67/10864211903.jpg,9
/kaggle/working/sample_dataset/images/79/f6/5326564178.jpg,3
/kaggle/working/sample_dataset/images/79/22/1590333159.jpg,16
/kaggle/working/sample_dataset/images/e7/23/391747047.jpg,17
/kaggle/working/sample_dataset/images/e7/52/13956700653.jpg,14
/kaggle/working/sample_dataset/images/e7/1a/9470935677.jpg,10
/kaggle/working/sample_dataset/images/e7/9f/4880593032.jpg,2
/kaggle/working/sample_dataset/images/e7/6a/2265871394.jpg,4
/kaggle/working/sample_dataset/images/e7/24/5428709007.jpg,2
/kaggle/working/sample_dataset/images/e7/fd/6418615687.jpg,15
/kaggle/working/sample_dataset/images/e7/b8/3882688245.jpg,6
/kaggle/working/sample_dataset/images/e7/a3/5452743043.jpg,2
/kaggle/working/sample_dataset/images/e7/65/5792732649.jpg,8
/kaggle/working/sample_dataset/images/28/a7/7809905284.jpg,1
/kaggle/working/sample_dataset/images/28/f4/8373117341.jpg,9
/kaggle/working/sample_dataset/images/28/2a/5428314696.jpg,1
/kaggle/working/sample_dataset/images/28/c1/8641681497.jpg,16
/kaggle/working/sample_dataset/images/28/87/6275219244.jpg,16
/kaggle/working/sample_dataset/images/28/49/13037596694.jpg,14
/kaggle/working/sample_dataset/images/8b/cc/3332529671.jpg,3
/kaggle/working/sample_dataset/images/8b/1a/91624954.jpg,18
/kaggle/working/sample_dataset/images/8b/02/8363399753.jpg,6
/kaggle/working/sample_dataset/images/8b/e2/6125370092.jpg,2
/kaggle/working/sample_dataset/images/8b/6b/7204885206.jpg,13
/kaggle/working/sample_dataset/images/8b/9c/83957188.jpg,2
/kaggle/working/sample_dataset/images/7f/ae/5053624020.jpg,0
/kaggle/working/sample_dataset/images/7f/54/5170659318.jpg,1
/kaggle/working/sample_dataset/images/7f/b7/3929313285.jpg,9
/kaggle/working/sample_dataset/images/7f/ac/7829771.jpg,19
/kaggle/working/sample_dataset/images/7f/7d/6156088799.jpg,12
/kaggle/working/sample_dataset/images/7f/c1/4985745867.jpg,3
/kaggle/working/sample_dataset/images/7f/8f/4592632.jpg,9
/kaggle/working/sample_dataset/images/7f/aa/13319033084.jpg,9
/kaggle/working/sample_dataset/images/7f/d6/12857747073.jpg,2
/kaggle/working/sample_dataset/images/a9/ae/3057515952.jpg,2
/kaggle/working/sample_dataset/images/a9/fe/2462963500.jpg,18
/kaggle/working/sample_dataset/images/a9/4f/4454102082.jpg,9
/kaggle/working/sample_dataset/images/a9/29/8463201574.jpg,12
/kaggle/working/sample_dataset/images/a9/f9/8743587878.jpg,10
/kaggle/working/sample_dataset/images/a9/7e/3483179948.jpg,16
/kaggle/working/sample_dataset/images/a9/c9/6182760080.jpg,17
/kaggle/working/sample_dataset/images/a9/66/1585186867.jpg,1
/kaggle/working/sample_dataset/images/a9/c5/9250513633.jpg,16
/kaggle/working/sample_dataset/images/a9/bd/8897226001.jpg,17
/kaggle/working/sample_dataset/images/fe/a7/4721995163.jpg,9
/kaggle/working/sample_dataset/images/fe/23/1412657525.jpg,6
/kaggle/working/sample_dataset/images/fe/3c/2913097438.jpg,2
/kaggle/working/sample_dataset/images/fe/05/2839329455.jpg,19
/kaggle/working/sample_dataset/images/fe/37/8562242266.jpg,4
/kaggle/working/sample_dataset/images/fe/24/2403419267.jpg,17
/kaggle/working/sample_dataset/images/fe/eb/5612029211.jpg,9
/kaggle/working/sample_dataset/images/5b/0c/2261604415.jpg,2
/kaggle/working/sample_dataset/images/5b/1c/9696571193.jpg,17
/kaggle/working/sample_dataset/images/5b/2a/833792044.jpg,2
/kaggle/working/sample_dataset/images/5b/a6/9223238016.jpg,10
/kaggle/working/sample_dataset/images/5b/0b/234002787.jpg,2
/kaggle/working/sample_dataset/images/5b/6a/4521435574.jpg,0
/kaggle/working/sample_dataset/images/5b/cb/5845300430.jpg,2
/kaggle/working/sample_dataset/images/5b/01/484082584.jpg,2
/kaggle/working/sample_dataset/images/5b/01/12268107296.jpg,6
/kaggle/working/sample_dataset/images/5b/df/4090601834.jpg,9
/kaggle/working/sample_dataset/images/5b/b1/146565557.jpg,8
/kaggle/working/sample_dataset/images/5b/65/7164746068.jpg,11
/kaggle/working/sample_dataset/images/5b/65/5147788951.jpg,12
/kaggle/working/sample_dataset/images/50/3a/479777145.jpg,7
/kaggle/working/sample_dataset/images/50/04/8105046638.jpg,4
/kaggle/working/sample_dataset/images/50/3c/3813692009.jpg,2
/kaggle/working/sample_dataset/images/50/42/3842202904.jpg,1
/kaggle/working/sample_dataset/images/50/6a/8288388610.jpg,9
/kaggle/working/sample_dataset/images/50/87/2064267456.jpg,6
/kaggle/working/sample_dataset/images/50/1f/9096293173.jpg,1
/kaggle/working/sample_dataset/images/50/03/3162270400.jpg,2
/kaggle/working/sample_dataset/images/d2/0d/6715072123.jpg,8
/kaggle/working/sample_dataset/images/d2/3d/6436516331.jpg,2
/kaggle/working/sample_dataset/images/d2/52/4835661912.jpg,13
/kaggle/working/sample_dataset/images/d2/69/8718880200.jpg,10
/kaggle/working/sample_dataset/images/d2/c2/8999236819.jpg,16
/kaggle/working/sample_dataset/images/d2/c2/3554591700.jpg,8
/kaggle/working/sample_dataset/images/d2/60/5253222521.jpg,12
/kaggle/working/sample_dataset/images/d2/dd/5661990127.jpg,2
/kaggle/working/sample_dataset/images/d2/d8/2684533040.jpg,9
/kaggle/working/sample_dataset/images/d2/1e/13904494102.jpg,9
/kaggle/working/sample_dataset/images/d2/47/2950989236.jpg,11
/kaggle/working/sample_dataset/images/d2/4b/2735206694.jpg,2
/kaggle/working/sample_dataset/images/d2/f1/9514426396.jpg,15
/kaggle/working/sample_dataset/images/c3/e3/7195810484.jpg,13
/kaggle/working/sample_dataset/images/c3/ba/4827553264.jpg,11
/kaggle/working/sample_dataset/images/c3/69/8607937459.jpg,17
/kaggle/working/sample_dataset/images/c3/ad/164932299.jpg,6
/kaggle/working/sample_dataset/images/c3/51/4150463500.jpg,9
/kaggle/working/sample_dataset/images/c3/5f/3124211458.jpg,2
/kaggle/working/sample_dataset/images/c3/e7/2104205660.jpg,3
/kaggle/working/sample_dataset/images/c3/9b/611591987.jpg,4
/kaggle/working/sample_dataset/images/c3/13/2111595557.jpg,14
/kaggle/working/sample_dataset/images/c3/66/8147998816.jpg,1
/kaggle/working/sample_dataset/images/c3/e9/2697409908.jpg,7
/kaggle/working/sample_dataset/images/c3/a0/3686305489.jpg,1
/kaggle/working/sample_dataset/images/c3/20/8483221641.jpg,15
/kaggle/working/sample_dataset/images/9b/54/315609612.jpg,1
/kaggle/working/sample_dataset/images/9b/27/1354313580.jpg,9
/kaggle/working/sample_dataset/images/9b/91/5427570074.jpg,11
/kaggle/working/sample_dataset/images/9b/77/3581671282.jpg,2
/kaggle/working/sample_dataset/images/9b/8b/1314399524.jpg,10
/kaggle/working/sample_dataset/images/9b/f9/6932366535.jpg,7
/kaggle/working/sample_dataset/images/9b/6b/6774308903.jpg,7
/kaggle/working/sample_dataset/images/9b/15/3183139693.jpg,2
/kaggle/working/sample_dataset/images/9b/9a/6278516921.jpg,18
/kaggle/working/sample_dataset/images/9b/7a/2455595012.jpg,19
/kaggle/working/sample_dataset/images/9b/86/7295228572.jpg,14
/kaggle/working/sample_dataset/images/9b/ab/9453955684.jpg,5
/kaggle/working/sample_dataset/images/9b/26/6106210351.jpg,10
/kaggle/working/sample_dataset/images/9b/03/5218938823.jpg,16
/kaggle/working/sample_dataset/images/8f/d5/5022541399.jpg,19
/kaggle/working/sample_dataset/images/8f/2c/516698100.jpg,9
/kaggle/working/sample_dataset/images/8f/e6/6078165930.jpg,3
/kaggle/working/sample_dataset/images/8f/cb/229473940.jpg,12
/kaggle/working/sample_dataset/images/8f/fd/1286688949.jpg,1
/kaggle/working/sample_dataset/images/8f/f1/3031224064.jpg,0
/kaggle/working/sample_dataset/images/8f/4d/9523216233.jpg,9
/kaggle/working/sample_dataset/images/8f/db/8415460672.jpg,9
/kaggle/working/sample_dataset/images/8f/64/4787517590.jpg,6
/kaggle/working/sample_dataset/images/da/3d/5432761644.jpg,15
/kaggle/working/sample_dataset/images/da/52/4023213542.jpg,7
/kaggle/working/sample_dataset/images/da/da/253670295.jpg,18
/kaggle/working/sample_dataset/images/da/56/3707376212.jpg,1
/kaggle/working/sample_dataset/images/da/4f/7809859114.jpg,11
/kaggle/working/sample_dataset/images/da/98/212419122.jpg,16
/kaggle/working/sample_dataset/images/da/29/5715283423.jpg,9
/kaggle/working/sample_dataset/images/da/0a/7073642571.jpg,7
/kaggle/working/sample_dataset/images/da/4e/3013235162.jpg,1
/kaggle/working/sample_dataset/images/da/96/3742248304.jpg,0
/kaggle/working/sample_dataset/images/da/a8/8141025367.jpg,3
/kaggle/working/sample_dataset/images/da/73/8683483134.jpg,5
/kaggle/working/sample_dataset/images/ff/d2/5693018892.jpg,2
/kaggle/working/sample_dataset/images/ff/b4/6257491999.jpg,16
/kaggle/working/sample_dataset/images/ff/82/518322398.jpg,16
/kaggle/working/sample_dataset/images/ff/b5/4106109731.jpg,1
/kaggle/working/sample_dataset/images/ff/21/8985196546.jpg,9
/kaggle/working/sample_dataset/images/ff/e9/518587229.jpg,12
/kaggle/working/sample_dataset/images/ff/94/3295253655.jpg,7
/kaggle/working/sample_dataset/images/55/3a/6959040043.jpg,0
/kaggle/working/sample_dataset/images/55/3a/2787448760.jpg,3
/kaggle/working/sample_dataset/images/55/b9/8382451485.jpg,2
/kaggle/working/sample_dataset/images/55/ac/224163110.jpg,2
/kaggle/working/sample_dataset/images/55/58/570221651.jpg,12
/kaggle/working/sample_dataset/images/55/55/9387010855.jpg,7
/kaggle/working/sample_dataset/images/55/f9/4490529064.jpg,7
/kaggle/working/sample_dataset/images/55/ab/5801147302.jpg,3
/kaggle/working/sample_dataset/images/55/9c/8699985973.jpg,15
/kaggle/working/sample_dataset/images/1d/ad/4876512818.jpg,15
/kaggle/working/sample_dataset/images/1d/53/4315582539.jpg,2
/kaggle/working/sample_dataset/images/ee/b7/2218272058.jpg,14
/kaggle/working/sample_dataset/images/ee/c1/10749613165.jpg,6
/kaggle/working/sample_dataset/images/ee/cd/8376748553.jpg,13
/kaggle/working/sample_dataset/images/ee/82/5998453042.jpg,8
/kaggle/working/sample_dataset/images/ee/0a/2598434686.jpg,2
/kaggle/working/sample_dataset/images/ee/25/2552661967.jpg,16
/kaggle/working/sample_dataset/images/b4/c3/6732493133.jpg,18
/kaggle/working/sample_dataset/images/b4/13/5972819132.jpg,2
/kaggle/working/sample_dataset/images/b4/63/5159713475.jpg,10
/kaggle/working/sample_dataset/images/b4/34/9188472852.jpg,17
/kaggle/working/sample_dataset/images/b4/34/3936213147.jpg,11
/kaggle/working/sample_dataset/images/b4/44/6913105049.jpg,7
/kaggle/working/sample_dataset/images/b4/8a/3207766187.jpg,2
/kaggle/working/sample_dataset/images/b4/92/3077294213.jpg,3
/kaggle/working/sample_dataset/images/b4/de/3305599462.jpg,19
/kaggle/working/sample_dataset/images/b4/b2/6405386799.jpg,10
/kaggle/working/sample_dataset/images/99/9f/4213914450.jpg,14
/kaggle/working/sample_dataset/images/99/05/6249731138.jpg,9
/kaggle/working/sample_dataset/images/99/60/49404888.jpg,2
/kaggle/working/sample_dataset/images/99/7f/2324072310.jpg,14
/kaggle/working/sample_dataset/images/99/32/9154142096.jpg,18
/kaggle/working/sample_dataset/images/99/6b/5440357774.jpg,1
/kaggle/working/sample_dataset/images/99/db/3233396635.jpg,1
/kaggle/working/sample_dataset/images/99/67/8985749959.jpg,15
/kaggle/working/sample_dataset/images/99/b0/8439754224.jpg,19
/kaggle/working/sample_dataset/images/99/68/2244502397.jpg,19
/kaggle/working/sample_dataset/images/56/77/2547329418.jpg,12
/kaggle/working/sample_dataset/images/56/50/266401316.jpg,6
/kaggle/working/sample_dataset/images/56/da/3377676133.jpg,18
/kaggle/working/sample_dataset/images/56/af/2891597389.jpg,1
/kaggle/working/sample_dataset/images/9d/54/6721433237.jpg,10
/kaggle/working/sample_dataset/images/9d/8f/5123830909.jpg,15
/kaggle/working/sample_dataset/images/9d/99/526462604.jpg,10
/kaggle/working/sample_dataset/images/9d/6d/499389056.jpg,4
/kaggle/working/sample_dataset/images/9d/cb/8566132270.jpg,1
/kaggle/working/sample_dataset/images/9d/84/6278094115.jpg,15
/kaggle/working/sample_dataset/images/9d/34/495105081.jpg,16
/kaggle/working/sample_dataset/images/9d/67/5360058180.jpg,15
/kaggle/working/sample_dataset/images/9d/22/6778781659.jpg,5
/kaggle/working/sample_dataset/images/bb/79/8350251086.jpg,8
/kaggle/working/sample_dataset/images/bb/6a/352511436.jpg,2
/kaggle/working/sample_dataset/images/bb/7e/2541095695.jpg,2
/kaggle/working/sample_dataset/images/bb/15/5982402731.jpg,10
/kaggle/working/sample_dataset/images/bb/67/211467554.jpg,5
/kaggle/working/sample_dataset/images/bb/86/6834459510.jpg,9
/kaggle/working/sample_dataset/images/bb/c4/3763731456.jpg,2
/kaggle/working/sample_dataset/images/4f/a7/8212148797.jpg,3
/kaggle/working/sample_dataset/images/4f/52/8292849162.jpg,0
/kaggle/working/sample_dataset/images/4f/ad/3047046094.jpg,11
/kaggle/working/sample_dataset/images/4f/36/4992608265.jpg,8
/kaggle/working/sample_dataset/images/4f/02/8678694389.jpg,12
/kaggle/working/sample_dataset/images/4f/c7/8120773019.jpg,9
/kaggle/working/sample_dataset/images/4f/29/5046312891.jpg,4
/kaggle/working/sample_dataset/images/4f/2e/8017550941.jpg,18
/kaggle/working/sample_dataset/images/4f/3f/3652386708.jpg,14
/kaggle/working/sample_dataset/images/4f/85/5653945748.jpg,2
/kaggle/working/sample_dataset/images/4f/f1/3406484041.jpg,17
/kaggle/working/sample_dataset/images/4f/1b/12372339294.jpg,1
/kaggle/working/sample_dataset/images/4f/7a/6169117328.jpg,14
/kaggle/working/sample_dataset/images/4f/a2/10909367106.jpg,0
/kaggle/working/sample_dataset/images/4f/92/136494616.jpg,10
/kaggle/working/sample_dataset/images/4f/6f/5249976480.jpg,9
/kaggle/working/sample_dataset/images/e0/19/9253423238.jpg,15
/kaggle/working/sample_dataset/images/e0/ec/4318879554.jpg,19
/kaggle/working/sample_dataset/images/e0/6a/7185375115.jpg,4
/kaggle/working/sample_dataset/images/e0/d6/13010124305.jpg,17
/kaggle/working/sample_dataset/images/e0/de/2627414148.jpg,10
/kaggle/working/sample_dataset/images/e0/70/9251441071.jpg,18
/kaggle/working/sample_dataset/images/af/e5/6392817583.jpg,2
/kaggle/working/sample_dataset/images/af/0f/6399673271.jpg,15
/kaggle/working/sample_dataset/images/af/dd/8308294876.jpg,7
/kaggle/working/sample_dataset/images/af/ee/8633044436.jpg,3
/kaggle/working/sample_dataset/images/af/cd/3795188958.jpg,11
/kaggle/working/sample_dataset/images/af/a6/11026515244.jpg,8
/kaggle/working/sample_dataset/images/af/66/4874760451.jpg,1
/kaggle/working/sample_dataset/images/af/63/11190599595.jpg,6
/kaggle/working/sample_dataset/images/af/78/3145039135.jpg,3
/kaggle/working/sample_dataset/images/af/65/5447454876.jpg,11
/kaggle/working/sample_dataset/images/53/bc/8346859732.jpg,1
/kaggle/working/sample_dataset/images/53/ff/10514925315.jpg,17
/kaggle/working/sample_dataset/images/53/99/5453311564.jpg,3
/kaggle/working/sample_dataset/images/53/6d/3548858482.jpg,2
/kaggle/working/sample_dataset/images/53/38/3179073691.jpg,7
/kaggle/working/sample_dataset/images/53/5e/5291363570.jpg,18
/kaggle/working/sample_dataset/images/53/49/7760714848.jpg,1
/kaggle/working/sample_dataset/images/53/3e/9449436964.jpg,2
/kaggle/working/sample_dataset/images/53/34/48318245.jpg,8
/kaggle/working/sample_dataset/images/53/67/7781828494.jpg,17
/kaggle/working/sample_dataset/images/53/26/7667492346.jpg,2
/kaggle/working/sample_dataset/images/98/2a/7586701302.jpg,2
/kaggle/working/sample_dataset/images/98/fc/300104754.jpg,4
/kaggle/working/sample_dataset/images/98/d4/6608421901.jpg,9
/kaggle/working/sample_dataset/images/98/ea/4987968944.jpg,4
/kaggle/working/sample_dataset/images/98/12/5751337039.jpg,4
/kaggle/working/sample_dataset/images/98/d6/6213415719.jpg,19
/kaggle/working/sample_dataset/images/02/69/6657227157.jpg,1
/kaggle/working/sample_dataset/images/02/7f/5375231775.jpg,1
/kaggle/working/sample_dataset/images/02/a5/9622153335.jpg,15
/kaggle/working/sample_dataset/images/02/82/2904922316.jpg,8
/kaggle/working/sample_dataset/images/02/81/3075276652.jpg,13
/kaggle/working/sample_dataset/images/02/85/4451806619.jpg,2
/kaggle/working/sample_dataset/images/02/84/4016017658.jpg,2
/kaggle/working/sample_dataset/images/02/5c/5386926000.jpg,15
/kaggle/working/sample_dataset/images/02/4a/5177065452.jpg,14
/kaggle/working/sample_dataset/images/02/22/4593566407.jpg,5
/kaggle/working/sample_dataset/images/f2/f8/4691926166.jpg,2
/kaggle/working/sample_dataset/images/f2/c3/3513576770.jpg,14
/kaggle/working/sample_dataset/images/f2/56/2426390963.jpg,19
/kaggle/working/sample_dataset/images/f2/a5/3655817767.jpg,6
/kaggle/working/sample_dataset/images/f2/7c/5771770994.jpg,2
/kaggle/working/sample_dataset/images/f2/41/60316481.jpg,13
/kaggle/working/sample_dataset/images/f2/a0/9212550148.jpg,18
/kaggle/working/sample_dataset/images/f2/bf/9514053793.jpg,13
/kaggle/working/sample_dataset/images/f2/65/2654556646.jpg,3
/kaggle/working/sample_dataset/images/e4/5f/6274321951.jpg,10
/kaggle/working/sample_dataset/images/e4/43/9138522048.jpg,17
/kaggle/working/sample_dataset/images/e4/a9/8078377690.jpg,16
/kaggle/working/sample_dataset/images/e4/9b/1247332907.jpg,5
/kaggle/working/sample_dataset/images/e4/da/4730012686.jpg,2
/kaggle/working/sample_dataset/images/e4/d8/2315299011.jpg,11
/kaggle/working/sample_dataset/images/e4/e8/4048293165.jpg,5
/kaggle/working/sample_dataset/images/e4/6a/5428677845.jpg,3
/kaggle/working/sample_dataset/images/e4/17/11490972634.jpg,6
/kaggle/working/sample_dataset/images/e4/72/5090983207.jpg,11
/kaggle/working/sample_dataset/images/a5/1c/4740856390.jpg,13
/kaggle/working/sample_dataset/images/a5/69/5802074397.jpg,10
/kaggle/working/sample_dataset/images/a5/f9/5748298.jpg,16
/kaggle/working/sample_dataset/images/a5/76/59005551.jpg,9
/kaggle/working/sample_dataset/images/a5/47/7030948155.jpg,8
/kaggle/working/sample_dataset/images/a5/c9/4551635156.jpg,1
/kaggle/working/sample_dataset/images/a5/6c/8728917173.jpg,17
/kaggle/working/sample_dataset/images/a5/de/2446179301.jpg,3
/kaggle/working/sample_dataset/images/a5/03/1016735059.jpg,2
/kaggle/working/sample_dataset/images/a5/8d/5393554355.jpg,0
/kaggle/working/sample_dataset/images/d8/74/2475750733.jpg,8
/kaggle/working/sample_dataset/images/d8/52/262678782.jpg,10
/kaggle/working/sample_dataset/images/d8/21/4358218666.jpg,1
/kaggle/working/sample_dataset/images/d8/96/5442133587.jpg,2
/kaggle/working/sample_dataset/images/d8/eb/12388971824.jpg,14
/kaggle/working/sample_dataset/images/d8/a8/308949513.jpg,15
/kaggle/working/sample_dataset/images/d8/68/442828574.jpg,3
/kaggle/working/sample_dataset/images/d8/22/5074255192.jpg,10
/kaggle/working/sample_dataset/images/1e/a4/11552982476.jpg,0
/kaggle/working/sample_dataset/images/1e/d3/3309721519.jpg,9
/kaggle/working/sample_dataset/images/1e/d3/4316183388.jpg,14
/kaggle/working/sample_dataset/images/1e/76/5398919712.jpg,2
/kaggle/working/sample_dataset/images/1e/0b/8257931973.jpg,18
/kaggle/working/sample_dataset/images/1e/3f/4176010810.jpg,2
/kaggle/working/sample_dataset/images/1e/18/9613556137.jpg,9
/kaggle/working/sample_dataset/images/1e/20/8638504287.jpg,5
/kaggle/working/sample_dataset/images/1e/c5/6907417045.jpg,13
/kaggle/working/sample_dataset/images/5a/ac/3480950499.jpg,9
/kaggle/working/sample_dataset/images/5a/77/8409829326.jpg,10
/kaggle/working/sample_dataset/images/5a/7d/4242576341.jpg,2
/kaggle/working/sample_dataset/images/5a/13/2845332769.jpg,2
/kaggle/working/sample_dataset/images/5a/66/4791556122.jpg,2
/kaggle/working/sample_dataset/images/71/40/2530023214.jpg,9
/kaggle/working/sample_dataset/images/71/1a/13990643476.jpg,5
/kaggle/working/sample_dataset/images/71/79/3342050402.jpg,13
/kaggle/working/sample_dataset/images/71/a9/13003478084.jpg,13
/kaggle/working/sample_dataset/images/71/53/6754767611.jpg,9
/kaggle/working/sample_dataset/images/71/e4/6340252609.jpg,10
/kaggle/working/sample_dataset/images/71/ec/5132464113.jpg,9
/kaggle/working/sample_dataset/images/71/3f/4641148565.jpg,1
/kaggle/working/sample_dataset/images/71/21/3376455228.jpg,3
/kaggle/working/sample_dataset/images/d4/23/8267614109.jpg,1
/kaggle/working/sample_dataset/images/d4/a9/487128263.jpg,3
/kaggle/working/sample_dataset/images/d4/19/10764693804.jpg,17
/kaggle/working/sample_dataset/images/d4/08/214188560.jpg,14
/kaggle/working/sample_dataset/images/d4/66/7068541027.jpg,1
/kaggle/working/sample_dataset/images/d4/fb/6761345673.jpg,14
/kaggle/working/sample_dataset/images/d4/67/5016118929.jpg,1
/kaggle/working/sample_dataset/images/d4/dc/5502890992.jpg,5
/kaggle/working/sample_dataset/images/c7/fe/5811704178.jpg,9
/kaggle/working/sample_dataset/images/c7/af/5419044208.jpg,17
/kaggle/working/sample_dataset/images/c7/8a/1118629691.jpg,17
/kaggle/working/sample_dataset/images/c7/b1/5548562398.jpg,2
/kaggle/working/sample_dataset/images/57/d5/6290486665.jpg,0
/kaggle/working/sample_dataset/images/57/58/462847816.jpg,11
/kaggle/working/sample_dataset/images/57/e6/6686119087.jpg,2
/kaggle/working/sample_dataset/images/57/1e/3241001740.jpg,9
/kaggle/working/sample_dataset/images/57/12/5789875870.jpg,1
/kaggle/working/sample_dataset/images/57/4a/8230779944.jpg,7
/kaggle/working/sample_dataset/images/57/16/1193098453.jpg,18
/kaggle/working/sample_dataset/images/57/80/5008792438.jpg,13
/kaggle/working/sample_dataset/images/57/44/5352400721.jpg,6
/kaggle/working/sample_dataset/images/57/03/8395173323.jpg,0
/kaggle/working/sample_dataset/images/29/60/10746624075.jpg,2
/kaggle/working/sample_dataset/images/29/2b/5044660618.jpg,17
/kaggle/working/sample_dataset/images/29/25/5869869317.jpg,2
/kaggle/working/sample_dataset/images/29/16/7916537874.jpg,13
/kaggle/working/sample_dataset/images/cd/74/4697470355.jpg,9
/kaggle/working/sample_dataset/images/cd/36/6095704601.jpg,18
/kaggle/working/sample_dataset/images/cd/c2/3254153743.jpg,17
/kaggle/working/sample_dataset/images/cd/c7/2974624519.jpg,12
/kaggle/working/sample_dataset/images/cd/c0/3761981673.jpg,3
/kaggle/working/sample_dataset/images/cd/37/252420424.jpg,14
/kaggle/working/sample_dataset/images/cd/4b/4733800034.jpg,17
/kaggle/working/sample_dataset/images/cd/f5/4454903246.jpg,19
/kaggle/working/sample_dataset/images/cd/2f/4152832489.jpg,15
/kaggle/working/sample_dataset/images/cd/72/2859635124.jpg,2
/kaggle/working/sample_dataset/images/2e/05/9169649656.jpg,3
/kaggle/working/sample_dataset/images/2e/af/1953580496.jpg,2
/kaggle/working/sample_dataset/images/2e/b3/8310241322.jpg,1
/kaggle/working/sample_dataset/images/2e/6b/8283353697.jpg,13
/kaggle/working/sample_dataset/images/2e/62/6293824595.jpg,17
/kaggle/working/sample_dataset/images/2e/34/418817813.jpg,9
/kaggle/working/sample_dataset/images/2e/c5/453687710.jpg,2
/kaggle/working/sample_dataset/images/f9/2d/3869397334.jpg,7
/kaggle/working/sample_dataset/images/f9/ad/10166137655.jpg,0
/kaggle/working/sample_dataset/images/f9/0a/8144838519.jpg,19
/kaggle/working/sample_dataset/images/f9/08/3640396353.jpg,15
/kaggle/working/sample_dataset/images/f9/48/5898077794.jpg,11
/kaggle/working/sample_dataset/images/f9/48/3978271898.jpg,13
/kaggle/working/sample_dataset/images/f9/3b/8050709005.jpg,13
/kaggle/working/sample_dataset/images/f9/16/4205457076.jpg,3
/kaggle/working/sample_dataset/images/6d/9b/8330006253.jpg,10
/kaggle/working/sample_dataset/images/6d/1d/142280601.jpg,5
/kaggle/working/sample_dataset/images/6d/6b/4244799940.jpg,1
/kaggle/working/sample_dataset/images/6d/08/8300211922.jpg,13
/kaggle/working/sample_dataset/images/6d/bf/196393405.jpg,6
/kaggle/working/sample_dataset/images/6d/22/7080027129.jpg,10
/kaggle/working/sample_dataset/images/f0/cc/5795971665.jpg,2
/kaggle/working/sample_dataset/images/f0/ec/9382980044.jpg,14
/kaggle/working/sample_dataset/images/f0/41/731043633.jpg,1
/kaggle/working/sample_dataset/images/f0/7a/4875113637.jpg,6
/kaggle/working/sample_dataset/images/82/cc/7499906704.jpg,13
/kaggle/working/sample_dataset/images/82/c2/4303834150.jpg,15
/kaggle/working/sample_dataset/images/82/dd/2827599108.jpg,8
/kaggle/working/sample_dataset/images/82/29/4358561052.jpg,19
/kaggle/working/sample_dataset/images/82/5e/8086968731.jpg,2
/kaggle/working/sample_dataset/images/82/fd/3434369087.jpg,11
/kaggle/working/sample_dataset/images/82/93/2848264499.jpg,14
/kaggle/working/sample_dataset/images/82/df/1298736306.jpg,9
/kaggle/working/sample_dataset/images/82/66/5025786661.jpg,2
/kaggle/working/sample_dataset/images/95/33/3247614775.jpg,2
/kaggle/working/sample_dataset/images/95/60/203857900.jpg,7
/kaggle/working/sample_dataset/images/95/d2/10570769523.jpg,4
/kaggle/working/sample_dataset/images/95/b4/9298042571.jpg,6
/kaggle/working/sample_dataset/images/95/71/8453527627.jpg,3
/kaggle/working/sample_dataset/images/95/c9/336466783.jpg,16
/kaggle/working/sample_dataset/images/95/9a/2608365029.jpg,17
/kaggle/working/sample_dataset/images/95/65/441418490.jpg,4
/kaggle/working/sample_dataset/images/b3/5f/8469897617.jpg,1
/kaggle/working/sample_dataset/images/b3/fc/2224225397.jpg,2
/kaggle/working/sample_dataset/images/b3/ee/847644740.jpg,2
/kaggle/working/sample_dataset/images/b3/2b/2434550503.jpg,2
/kaggle/working/sample_dataset/images/b3/93/3622106921.jpg,1
/kaggle/working/sample_dataset/images/e2/8a/3294250025.jpg,15
/kaggle/working/sample_dataset/images/e2/d1/2447907491.jpg,2
/kaggle/working/sample_dataset/images/e2/de/7862749018.jpg,9
/kaggle/working/sample_dataset/images/e2/b0/2716234506.jpg,19
/kaggle/working/sample_dataset/images/0a/a4/5319398124.jpg,16
/kaggle/working/sample_dataset/images/0a/9e/383664093.jpg,18
/kaggle/working/sample_dataset/images/0a/9d/9466605144.jpg,11
/kaggle/working/sample_dataset/images/0a/5a/5985755039.jpg,18
/kaggle/working/sample_dataset/images/0a/03/4105206575.jpg,5
/kaggle/working/sample_dataset/images/a6/cc/2866147264.jpg,11
/kaggle/working/sample_dataset/images/a6/95/4465323002.jpg,0
/kaggle/working/sample_dataset/images/a6/2b/8519091790.jpg,5
/kaggle/working/sample_dataset/images/a6/41/3779832970.jpg,14
/kaggle/working/sample_dataset/images/a6/a3/6108472953.jpg,2
/kaggle/working/sample_dataset/images/a6/72/11781674284.jpg,18
/kaggle/working/sample_dataset/images/a6/03/2942755918.jpg,4
/kaggle/working/sample_dataset/images/a6/b2/635387420.jpg,6
/kaggle/working/sample_dataset/images/e8/ac/8294599171.jpg,7
/kaggle/working/sample_dataset/images/e8/50/1262379882.jpg,14
/kaggle/working/sample_dataset/images/e8/38/7003728946.jpg,14
/kaggle/working/sample_dataset/images/e8/3f/13446412445.jpg,13
/kaggle/working/sample_dataset/images/e8/9a/545475581.jpg,9
/kaggle/working/sample_dataset/images/e8/67/8131247762.jpg,8
/kaggle/working/sample_dataset/images/e8/61/8298949393.jpg,19
/kaggle/working/sample_dataset/images/e8/ca/8467107217.jpg,15
/kaggle/working/sample_dataset/images/e8/a8/3032627579.jpg,2
/kaggle/working/sample_dataset/images/e8/11/12828809143.jpg,3
/kaggle/working/sample_dataset/images/42/ae/4982934777.jpg,9
/kaggle/working/sample_dataset/images/42/bc/105105561.jpg,9
/kaggle/working/sample_dataset/images/42/bc/3463250457.jpg,2
/kaggle/working/sample_dataset/images/42/79/2137463257.jpg,11
/kaggle/working/sample_dataset/images/42/0a/6903295825.jpg,10
/kaggle/working/sample_dataset/images/42/ec/8527044996.jpg,15
/kaggle/working/sample_dataset/images/42/a1/2406510468.jpg,5
/kaggle/working/sample_dataset/images/42/4b/2523862964.jpg,9
/kaggle/working/sample_dataset/images/42/f1/6208126276.jpg,9
/kaggle/working/sample_dataset/images/42/48/3763147652.jpg,0
/kaggle/working/sample_dataset/images/42/f6/3287004624.jpg,7
/kaggle/working/sample_dataset/images/42/45/5920113394.jpg,5
/kaggle/working/sample_dataset/images/42/26/8196950649.jpg,15
/kaggle/working/sample_dataset/images/42/bd/5561265340.jpg,2
/kaggle/working/sample_dataset/images/42/8d/6197939877.jpg,9
/kaggle/working/sample_dataset/images/c8/9b/3797604256.jpg,4
/kaggle/working/sample_dataset/images/c8/f2/5571608697.jpg,8
/kaggle/working/sample_dataset/images/c8/cb/8540889006.jpg,14
/kaggle/working/sample_dataset/images/c8/b6/2299613707.jpg,6
/kaggle/working/sample_dataset/images/c8/f6/5965873885.jpg,2
/kaggle/working/sample_dataset/images/c8/ab/8362289604.jpg,2
/kaggle/working/sample_dataset/images/aa/90/3838663308.jpg,6
/kaggle/working/sample_dataset/images/aa/b9/5431546019.jpg,1
/kaggle/working/sample_dataset/images/aa/58/3400512879.jpg,9
/kaggle/working/sample_dataset/images/aa/84/2074365786.jpg,3
/kaggle/working/sample_dataset/images/aa/94/4996594843.jpg,6
/kaggle/working/sample_dataset/images/aa/72/345629014.jpg,6
/kaggle/working/sample_dataset/images/aa/11/10129164885.jpg,2
/kaggle/working/sample_dataset/images/19/aa/5600852489.jpg,16
/kaggle/working/sample_dataset/images/19/4b/8422311161.jpg,3
/kaggle/working/sample_dataset/images/19/86/4114988156.jpg,0
/kaggle/working/sample_dataset/images/19/86/3570319429.jpg,0
/kaggle/working/sample_dataset/images/19/b1/126332704.jpg,5
/kaggle/working/sample_dataset/images/19/61/3845405922.jpg,11
/kaggle/working/sample_dataset/images/19/73/5339369396.jpg,2
/kaggle/working/sample_dataset/images/19/73/3210576658.jpg,9
/kaggle/working/sample_dataset/images/38/e3/8641639214.jpg,2
/kaggle/working/sample_dataset/images/38/35/5414804320.jpg,2
/kaggle/working/sample_dataset/images/38/e4/3278700394.jpg,7
/kaggle/working/sample_dataset/images/38/e2/6343684939.jpg,1
/kaggle/working/sample_dataset/images/38/e8/167282362.jpg,7
/kaggle/working/sample_dataset/images/38/ea/6165109096.jpg,8
/kaggle/working/sample_dataset/images/38/4a/5646978564.jpg,9
/kaggle/working/sample_dataset/images/38/61/7709282884.jpg,3
/kaggle/working/sample_dataset/images/38/8d/6075915552.jpg,2
/kaggle/working/sample_dataset/images/c0/7d/5370636837.jpg,9
/kaggle/working/sample_dataset/images/c0/5b/197022435.jpg,2
/kaggle/working/sample_dataset/images/c0/f1/8075981228.jpg,4
/kaggle/working/sample_dataset/images/c0/c9/10018651805.jpg,12
/kaggle/working/sample_dataset/images/c0/fb/5740277667.jpg,13
/kaggle/working/sample_dataset/images/c0/3b/6330736888.jpg,2
/kaggle/working/sample_dataset/images/c0/bd/2438513140.jpg,2
/kaggle/working/sample_dataset/images/c0/68/2332955615.jpg,11
/kaggle/working/sample_dataset/images/76/3c/3319682733.jpg,10
/kaggle/working/sample_dataset/images/76/3c/8730495634.jpg,9
/kaggle/working/sample_dataset/images/76/00/117825356.jpg,17
/kaggle/working/sample_dataset/images/76/85/71282468.jpg,9
/kaggle/working/sample_dataset/images/76/7e/616899334.jpg,2
/kaggle/working/sample_dataset/images/76/20/8397306044.jpg,13
/kaggle/working/sample_dataset/images/76/d6/12610661524.jpg,13
/kaggle/working/sample_dataset/images/76/8e/2987076757.jpg,13
/kaggle/working/sample_dataset/images/76/59/3199271596.jpg,15
/kaggle/working/sample_dataset/images/81/55/5682336647.jpg,9
/kaggle/working/sample_dataset/images/81/42/21673837.jpg,6
/kaggle/working/sample_dataset/images/81/81/6264259016.jpg,0
/kaggle/working/sample_dataset/images/81/3f/4986536145.jpg,2
/kaggle/working/sample_dataset/images/81/08/186428223.jpg,11
/kaggle/working/sample_dataset/images/81/ce/2703917656.jpg,14
/kaggle/working/sample_dataset/images/81/48/3033570036.jpg,7
/kaggle/working/sample_dataset/images/81/12/10452890046.jpg,12
/kaggle/working/sample_dataset/images/81/7b/369099559.jpg,11
/kaggle/working/sample_dataset/images/81/34/8299985855.jpg,1
/kaggle/working/sample_dataset/images/81/89/526870907.jpg,14
/kaggle/working/sample_dataset/images/81/73/3491277492.jpg,9
/kaggle/working/sample_dataset/images/32/90/2527962963.jpg,8
/kaggle/working/sample_dataset/images/32/05/5924194860.jpg,3
/kaggle/working/sample_dataset/images/32/75/6340905393.jpg,12
/kaggle/working/sample_dataset/images/32/e7/3869798635.jpg,14
/kaggle/working/sample_dataset/images/32/9b/5352828767.jpg,18
/kaggle/working/sample_dataset/images/32/55/9816774866.jpg,3
/kaggle/working/sample_dataset/images/32/81/3829648476.jpg,5
/kaggle/working/sample_dataset/images/32/fd/8194482653.jpg,7
/kaggle/working/sample_dataset/images/32/df/9641000198.jpg,14
/kaggle/working/sample_dataset/images/32/25/9349277243.jpg,9
/kaggle/working/sample_dataset/images/32/62/391169590.jpg,4
/kaggle/working/sample_dataset/images/32/17/10799490643.jpg,10
/kaggle/working/sample_dataset/images/39/9f/5233680090.jpg,16
/kaggle/working/sample_dataset/images/39/ec/4914633249.jpg,2
/kaggle/working/sample_dataset/images/39/7c/10784649043.jpg,2
/kaggle/working/sample_dataset/images/39/64/178153802.jpg,1
/kaggle/working/sample_dataset/images/39/07/4855022558.jpg,9
/kaggle/working/sample_dataset/images/39/8d/3944917832.jpg,9
/kaggle/working/sample_dataset/images/ec/1a/214594932.jpg,14
/kaggle/working/sample_dataset/images/ec/99/2817380527.jpg,16
/kaggle/working/sample_dataset/images/ec/a6/9359828146.jpg,3
/kaggle/working/sample_dataset/images/ec/12/9936982425.jpg,4
/kaggle/working/sample_dataset/images/ec/de/8298463712.jpg,10
/kaggle/working/sample_dataset/images/ec/a8/8288571387.jpg,12
/kaggle/working/sample_dataset/images/06/ae/8418947481.jpg,15
/kaggle/working/sample_dataset/images/06/1a/311695106.jpg,4
/kaggle/working/sample_dataset/images/06/fa/2825793216.jpg,19
/kaggle/working/sample_dataset/images/06/7c/4189055001.jpg,11
/kaggle/working/sample_dataset/images/06/7e/6700364247.jpg,14
/kaggle/working/sample_dataset/images/06/17/78910378.jpg,18
/kaggle/working/sample_dataset/images/06/4a/10759392716.jpg,9
/kaggle/working/sample_dataset/images/0b/08/9784257456.jpg,18
/kaggle/working/sample_dataset/images/0b/a1/5187764679.jpg,7
/kaggle/working/sample_dataset/images/0b/47/5633764282.jpg,14
/kaggle/working/sample_dataset/images/0b/c9/4032937682.jpg,3
/kaggle/working/sample_dataset/images/0b/15/3739843936.jpg,10
/kaggle/working/sample_dataset/images/0b/7a/8625746987.jpg,4
/kaggle/working/sample_dataset/images/0b/a3/4542955718.jpg,6
/kaggle/working/sample_dataset/images/0b/c4/5434131502.jpg,17
/kaggle/working/sample_dataset/images/ea/2c/9557554743.jpg,12
/kaggle/working/sample_dataset/images/ea/0c/695156243.jpg,2
/kaggle/working/sample_dataset/images/ea/cf/11927425473.jpg,9
/kaggle/working/sample_dataset/images/ea/cf/2050284560.jpg,2
/kaggle/working/sample_dataset/images/ea/71/5771964509.jpg,6
/kaggle/working/sample_dataset/images/ea/19/8004160244.jpg,14
/kaggle/working/sample_dataset/images/ea/4d/8685848752.jpg,9
/kaggle/working/sample_dataset/images/ea/48/12663985474.jpg,19
/kaggle/working/sample_dataset/images/ea/c5/3010768346.jpg,10
/kaggle/working/sample_dataset/images/ea/d6/11197008635.jpg,19
/kaggle/working/sample_dataset/images/ea/61/2126161083.jpg,9
/kaggle/working/sample_dataset/images/00/69/4909599185.jpg,0
/kaggle/working/sample_dataset/images/00/a9/9257212700.jpg,10
/kaggle/working/sample_dataset/images/6b/ba/437416320.jpg,15
/kaggle/working/sample_dataset/images/6b/27/5276570045.jpg,10
/kaggle/working/sample_dataset/images/6b/e6/52431285.jpg,19
/kaggle/working/sample_dataset/images/6b/1a/5424806415.jpg,13
/kaggle/working/sample_dataset/images/6b/cf/133152789.jpg,2
/kaggle/working/sample_dataset/images/6b/fe/8710144989.jpg,1
/kaggle/working/sample_dataset/images/6b/99/2289885141.jpg,2
/kaggle/working/sample_dataset/images/6b/f0/8100740844.jpg,1
/kaggle/working/sample_dataset/images/6b/00/772413668.jpg,2
/kaggle/working/sample_dataset/images/6b/5c/3911588837.jpg,4
/kaggle/working/sample_dataset/images/3f/40/8073605516.jpg,13
/kaggle/working/sample_dataset/images/3f/9f/5932134908.jpg,1
/kaggle/working/sample_dataset/images/3f/f9/6601564793.jpg,15
/kaggle/working/sample_dataset/images/3f/93/2935099518.jpg,4
/kaggle/working/sample_dataset/images/3f/48/5418210437.jpg,17
/kaggle/working/sample_dataset/images/3f/6c/8078759586.jpg,6
/kaggle/working/sample_dataset/images/3f/e1/3396607604.jpg,8
/kaggle/working/sample_dataset/images/3f/72/3089715306.jpg,19
/kaggle/working/sample_dataset/images/3f/6f/3711619415.jpg,5
/kaggle/working/sample_dataset/images/08/1c/9562185743.jpg,14
/kaggle/working/sample_dataset/images/08/dd/5470979738.jpg,6
/kaggle/working/sample_dataset/images/08/1e/2749706106.jpg,18
/kaggle/working/sample_dataset/images/08/42/2625949522.jpg,2
/kaggle/working/sample_dataset/images/08/76/8814176852.jpg,2
/kaggle/working/sample_dataset/images/08/a1/4119978547.jpg,11
/kaggle/working/sample_dataset/images/37/90/2844996559.jpg,5
/kaggle/working/sample_dataset/images/37/3d/8903979124.jpg,10
/kaggle/working/sample_dataset/images/37/43/109465483.jpg,1
/kaggle/working/sample_dataset/images/37/fe/7227464542.jpg,1
/kaggle/working/sample_dataset/images/37/4f/5490674948.jpg,19
/kaggle/working/sample_dataset/images/37/1e/3217382310.jpg,7
/kaggle/working/sample_dataset/images/37/df/2770891187.jpg,12
/kaggle/working/sample_dataset/images/13/cc/4387514930.jpg,7
/kaggle/working/sample_dataset/images/13/1a/10166449093.jpg,13
/kaggle/working/sample_dataset/images/13/a1/2137276311.jpg,1
/kaggle/working/sample_dataset/images/13/83/5055223051.jpg,9
/kaggle/working/sample_dataset/images/13/83/532677873.jpg,9
/kaggle/working/sample_dataset/images/13/bd/4312187765.jpg,11
/kaggle/working/sample_dataset/images/a1/27/212395215.jpg,17
/kaggle/working/sample_dataset/images/a1/ed/2270823372.jpg,18
/kaggle/working/sample_dataset/images/a1/84/5114836179.jpg,17
/kaggle/working/sample_dataset/images/a1/9a/6792113470.jpg,1
/kaggle/working/sample_dataset/images/a1/7b/8404703095.jpg,1
/kaggle/working/sample_dataset/images/a1/46/6083263797.jpg,3
/kaggle/working/sample_dataset/images/a1/92/9763950846.jpg,0
/kaggle/working/sample_dataset/images/6a/1c/6377190459.jpg,10
/kaggle/working/sample_dataset/images/6a/9f/5739734990.jpg,12
/kaggle/working/sample_dataset/images/6a/98/3161959577.jpg,5
/kaggle/working/sample_dataset/images/6a/57/12211832345.jpg,15
/kaggle/working/sample_dataset/images/6a/06/4453835256.jpg,16
/kaggle/working/sample_dataset/images/6a/f3/7284036762.jpg,3
/kaggle/working/sample_dataset/images/6a/1b/3263432105.jpg,1
/kaggle/working/sample_dataset/images/6a/16/31636399.jpg,9
/kaggle/working/sample_dataset/images/6a/bf/535613556.jpg,18
/kaggle/working/sample_dataset/images/24/9e/5557539423.jpg,1
/kaggle/working/sample_dataset/images/24/50/7963006282.jpg,18
/kaggle/working/sample_dataset/images/24/50/183436407.jpg,15
/kaggle/working/sample_dataset/images/24/ea/4471107709.jpg,9
/kaggle/working/sample_dataset/images/24/c9/12527906594.jpg,6
/kaggle/working/sample_dataset/images/24/5c/4217412560.jpg,1
/kaggle/working/sample_dataset/images/24/4c/6864813394.jpg,14
/kaggle/working/sample_dataset/images/24/07/262437776.jpg,14
/kaggle/working/sample_dataset/images/24/d0/8031790847.jpg,9
/kaggle/working/sample_dataset/images/cb/2c/9879894633.jpg,2
/kaggle/working/sample_dataset/images/cb/3c/5518872207.jpg,4
/kaggle/working/sample_dataset/images/cb/f7/2520891456.jpg,1
/kaggle/working/sample_dataset/images/cb/0c/8719809187.jpg,18
/kaggle/working/sample_dataset/images/cb/77/13286250185.jpg,17
/kaggle/working/sample_dataset/images/cb/51/2129044368.jpg,9
/kaggle/working/sample_dataset/images/cb/50/9415350129.jpg,2
/kaggle/working/sample_dataset/images/cb/bb/348327959.jpg,9
/kaggle/working/sample_dataset/images/cb/00/1744271438.jpg,16
/kaggle/working/sample_dataset/images/cb/3f/8548371692.jpg,5
/kaggle/working/sample_dataset/images/cb/66/241256979.jpg,12
/kaggle/working/sample_dataset/images/cb/8d/8993015094.jpg,16
/kaggle/working/sample_dataset/images/97/1c/4240956356.jpg,2
/kaggle/working/sample_dataset/images/97/c2/9560482805.jpg,6
/kaggle/working/sample_dataset/images/97/79/413398089.jpg,1
/kaggle/working/sample_dataset/images/97/28/5827400995.jpg,18
/kaggle/working/sample_dataset/images/97/93/2664993569.jpg,4
/kaggle/working/sample_dataset/images/97/3b/442636866.jpg,9
/kaggle/working/sample_dataset/images/5e/b7/3770148766.jpg,14
/kaggle/working/sample_dataset/images/5e/90/2407267650.jpg,19
/kaggle/working/sample_dataset/images/5e/33/213553746.jpg,15
/kaggle/working/sample_dataset/images/5e/0f/195202428.jpg,5
/kaggle/working/sample_dataset/images/5e/7f/3854361751.jpg,12
/kaggle/working/sample_dataset/images/5e/e4/6811715467.jpg,11
/kaggle/working/sample_dataset/images/5e/d4/4740892162.jpg,9
/kaggle/working/sample_dataset/images/5e/f9/1040898003.jpg,3
/kaggle/working/sample_dataset/images/5e/aa/2083711231.jpg,16
/kaggle/working/sample_dataset/images/5e/d9/149257582.jpg,11
/kaggle/working/sample_dataset/images/5e/2b/4260064726.jpg,0
/kaggle/working/sample_dataset/images/5e/15/1533893216.jpg,14
/kaggle/working/sample_dataset/images/5e/67/3464710517.jpg,2
/kaggle/working/sample_dataset/images/ce/d3/1490408186.jpg,12
/kaggle/working/sample_dataset/images/ce/5d/4282929572.jpg,0
/kaggle/working/sample_dataset/images/ce/f0/8689454929.jpg,5
/kaggle/working/sample_dataset/images/ce/ea/4815731867.jpg,10
/kaggle/working/sample_dataset/images/ce/9c/2245992068.jpg,2
/kaggle/working/sample_dataset/images/fa/2d/11232588555.jpg,1
/kaggle/working/sample_dataset/images/fa/c3/4682071414.jpg,3
/kaggle/working/sample_dataset/images/fa/9d/2665720662.jpg,5
/kaggle/working/sample_dataset/images/fa/c7/6815426251.jpg,8
/kaggle/working/sample_dataset/images/fa/15/4956422551.jpg,15
/kaggle/working/sample_dataset/images/fa/12/4481751797.jpg,9
/kaggle/working/sample_dataset/images/fa/70/7908582766.jpg,19
/kaggle/working/sample_dataset/images/87/ad/6041276170.jpg,4
/kaggle/working/sample_dataset/images/87/5f/3695324168.jpg,2
/kaggle/working/sample_dataset/images/87/05/5250984926.jpg,0
/kaggle/working/sample_dataset/images/87/75/4530996727.jpg,4
/kaggle/working/sample_dataset/images/87/56/4745134025.jpg,6
/kaggle/working/sample_dataset/images/87/1e/13914542544.jpg,19
/kaggle/working/sample_dataset/images/87/95/8638382625.jpg,17
/kaggle/working/sample_dataset/images/87/aa/3676997708.jpg,3
/kaggle/working/sample_dataset/images/87/ce/9253702888.jpg,8
/kaggle/working/sample_dataset/images/87/10/8370577790.jpg,11
/kaggle/working/sample_dataset/images/87/80/42711630.jpg,13
/kaggle/working/sample_dataset/images/85/d5/860263313.jpg,19
/kaggle/working/sample_dataset/images/85/ba/6294575986.jpg,5
/kaggle/working/sample_dataset/images/85/e6/8220653468.jpg,17
/kaggle/working/sample_dataset/images/85/e5/328209866.jpg,1
/kaggle/working/sample_dataset/images/85/c2/6166559511.jpg,5
/kaggle/working/sample_dataset/images/85/79/1314061033.jpg,11
/kaggle/working/sample_dataset/images/85/63/7132239453.jpg,10
/kaggle/working/sample_dataset/images/85/96/5890044052.jpg,8
/kaggle/working/sample_dataset/images/85/1f/11914251566.jpg,1
/kaggle/working/sample_dataset/images/85/59/3760450295.jpg,1
/kaggle/working/sample_dataset/images/47/d3/5333390755.jpg,2
/kaggle/working/sample_dataset/images/47/af/8679524601.jpg,2
/kaggle/working/sample_dataset/images/47/6d/3901154698.jpg,14
/kaggle/working/sample_dataset/images/47/82/1249653478.jpg,2
/kaggle/working/sample_dataset/images/47/e2/4555789893.jpg,1
/kaggle/working/sample_dataset/images/47/f3/4381801650.jpg,6
/kaggle/working/sample_dataset/images/47/9c/421443509.jpg,9
/kaggle/working/sample_dataset/images/7c/e3/2688550938.jpg,12
/kaggle/working/sample_dataset/images/7c/c0/4067958077.jpg,9
/kaggle/working/sample_dataset/images/7c/ec/6098551601.jpg,14
/kaggle/working/sample_dataset/images/7c/ea/5537250364.jpg,3
/kaggle/working/sample_dataset/images/7c/37/555298632.jpg,4
/kaggle/working/sample_dataset/images/7c/14/7517624920.jpg,3
/kaggle/working/sample_dataset/images/7c/3b/3835941374.jpg,9
/kaggle/working/sample_dataset/images/d9/ba/7919385936.jpg,1
/kaggle/working/sample_dataset/images/d9/8f/5208549929.jpg,8
/kaggle/working/sample_dataset/images/d9/ff/8498957827.jpg,8
/kaggle/working/sample_dataset/images/d9/9d/438326919.jpg,19
/kaggle/working/sample_dataset/images/d9/2e/2292226378.jpg,12
/kaggle/working/sample_dataset/images/d9/9a/8692566933.jpg,9
/kaggle/working/sample_dataset/images/d9/45/12424612463.jpg,4
/kaggle/working/sample_dataset/images/d9/b1/4773714411.jpg,11
/kaggle/working/sample_dataset/images/10/e3/12033133943.jpg,18
/kaggle/working/sample_dataset/images/10/dd/5225866439.jpg,2
/kaggle/working/sample_dataset/images/10/e2/76484176.jpg,15
/kaggle/working/sample_dataset/images/10/ec/8687965147.jpg,9
/kaggle/working/sample_dataset/images/10/6b/4067943875.jpg,10
/kaggle/working/sample_dataset/images/10/7a/3856220999.jpg,16
/kaggle/working/sample_dataset/images/2b/a7/6530801765.jpg,4
/kaggle/working/sample_dataset/images/2b/90/5343774327.jpg,2
/kaggle/working/sample_dataset/images/2b/f4/3011522375.jpg,1
/kaggle/working/sample_dataset/images/2b/fe/1316510989.jpg,9
/kaggle/working/sample_dataset/images/2b/4f/7922035852.jpg,2
/kaggle/working/sample_dataset/images/2b/7c/8859508224.jpg,19
/kaggle/working/sample_dataset/images/2b/2b/5567677636.jpg,2
/kaggle/working/sample_dataset/images/2b/48/2078507089.jpg,19
/kaggle/working/sample_dataset/images/2b/7b/8679966815.jpg,7
/kaggle/working/sample_dataset/images/2b/6c/3235014845.jpg,3
/kaggle/working/sample_dataset/images/2b/22/7394293604.jpg,7
/kaggle/working/sample_dataset/images/4b/e5/3326041589.jpg,15
/kaggle/working/sample_dataset/images/4b/bb/203111244.jpg,18
/kaggle/working/sample_dataset/images/4b/02/1334917703.jpg,8
/kaggle/working/sample_dataset/images/4b/57/36089762.jpg,6
/kaggle/working/sample_dataset/images/4b/e9/3864454076.jpg,2
/kaggle/working/sample_dataset/images/4b/64/4902893088.jpg,8
/kaggle/working/sample_dataset/images/4b/bd/5197175909.jpg,18
/kaggle/working/sample_dataset/images/4b/61/2164879104.jpg,7
/kaggle/working/sample_dataset/images/fd/ec/3468496758.jpg,9
/kaggle/working/sample_dataset/images/fd/ec/2671644450.jpg,17
/kaggle/working/sample_dataset/images/fd/01/260380662.jpg,14
/kaggle/working/sample_dataset/images/fd/db/5168572878.jpg,13
/kaggle/working/sample_dataset/images/fd/bf/7266839088.jpg,14
/kaggle/working/sample_dataset/images/b5/74/4347078526.jpg,3
/kaggle/working/sample_dataset/images/b5/43/3702098913.jpg,7
/kaggle/working/sample_dataset/images/b5/ef/9616131377.jpg,2
/kaggle/working/sample_dataset/images/b5/ff/1464174229.jpg,8
/kaggle/working/sample_dataset/images/b5/56/8701891086.jpg,19
/kaggle/working/sample_dataset/images/b5/4f/10319515623.jpg,1
/kaggle/working/sample_dataset/images/b5/c7/1165048461.jpg,17
/kaggle/working/sample_dataset/images/b5/f9/5153515167.jpg,14
/kaggle/working/sample_dataset/images/b5/32/3063735428.jpg,15
/kaggle/working/sample_dataset/images/b5/97/3719343927.jpg,13
/kaggle/working/sample_dataset/images/b5/ce/2939589025.jpg,2
/kaggle/working/sample_dataset/images/b5/1b/3541459643.jpg,11
/kaggle/working/sample_dataset/images/b5/d6/5877683036.jpg,14
/kaggle/working/sample_dataset/images/7e/05/5080063955.jpg,2
/kaggle/working/sample_dataset/images/7e/a9/4894358740.jpg,9
/kaggle/working/sample_dataset/images/7e/d2/1395133604.jpg,2
/kaggle/working/sample_dataset/images/7e/ee/2728645133.jpg,2
/kaggle/working/sample_dataset/images/7e/fd/1467989259.jpg,3
/kaggle/working/sample_dataset/images/7e/64/361361495.jpg,16
/kaggle/working/sample_dataset/images/7e/a0/210761680.jpg,2
/kaggle/working/sample_dataset/images/7e/45/2965859939.jpg,7
/kaggle/working/sample_dataset/images/93/ff/4984266819.jpg,14
/kaggle/working/sample_dataset/images/93/af/6941357471.jpg,19
/kaggle/working/sample_dataset/images/93/a6/8687695049.jpg,10
/kaggle/working/sample_dataset/images/93/df/5115277740.jpg,2
/kaggle/working/sample_dataset/images/93/45/5668307949.jpg,2
/kaggle/working/sample_dataset/images/93/a2/5703076384.jpg,7
/kaggle/working/sample_dataset/images/93/59/13043809424.jpg,13
/kaggle/working/sample_dataset/images/f1/53/233371247.jpg,11
/kaggle/working/sample_dataset/images/f1/f2/2059088963.jpg,15
/kaggle/working/sample_dataset/images/f1/19/7491191410.jpg,10
/kaggle/working/sample_dataset/images/f1/cb/4643151660.jpg,17
/kaggle/working/sample_dataset/images/f1/7e/7169217890.jpg,10
/kaggle/working/sample_dataset/images/f1/7e/6678088897.jpg,16
/kaggle/working/sample_dataset/images/f1/65/5623989542.jpg,18
/kaggle/working/sample_dataset/images/f1/bd/8359369647.jpg,8
/kaggle/working/sample_dataset/images/21/3a/4861934686.jpg,17
/kaggle/working/sample_dataset/images/21/a4/10234112966.jpg,1
/kaggle/working/sample_dataset/images/21/7d/5358247270.jpg,2
/kaggle/working/sample_dataset/images/21/f8/4207815951.jpg,7
/kaggle/working/sample_dataset/images/21/3f/7246465954.jpg,9
/kaggle/working/sample_dataset/images/21/d6/2629820042.jpg,19
/kaggle/working/sample_dataset/images/49/40/3045938941.jpg,2
/kaggle/working/sample_dataset/images/49/ff/4539804495.jpg,1
/kaggle/working/sample_dataset/images/49/5a/4438051750.jpg,14
/kaggle/working/sample_dataset/images/49/82/6200707902.jpg,11
/kaggle/working/sample_dataset/images/49/87/12194464586.jpg,5
/kaggle/working/sample_dataset/images/49/2b/7327467664.jpg,10
/kaggle/working/sample_dataset/images/49/a3/9416599796.jpg,18
/kaggle/working/sample_dataset/images/4d/cc/8461005431.jpg,3
/kaggle/working/sample_dataset/images/4d/52/1335073106.jpg,2
/kaggle/working/sample_dataset/images/4d/52/8728462428.jpg,1
/kaggle/working/sample_dataset/images/4d/09/498685886.jpg,11
/kaggle/working/sample_dataset/images/4d/09/2995801861.jpg,12
/kaggle/working/sample_dataset/images/4d/9d/8549764913.jpg,5
/kaggle/working/sample_dataset/images/4d/71/2729670245.jpg,15
/kaggle/working/sample_dataset/images/4d/5e/3939016301.jpg,3
/kaggle/working/sample_dataset/images/4d/7e/5456421006.jpg,13
/kaggle/working/sample_dataset/images/4d/f5/557772633.jpg,6
/kaggle/working/sample_dataset/images/4d/94/2871256376.jpg,0
/kaggle/working/sample_dataset/images/84/40/5437569167.jpg,12
/kaggle/working/sample_dataset/images/84/51/292011158.jpg,9
/kaggle/working/sample_dataset/images/84/c2/4083381268.jpg,16
/kaggle/working/sample_dataset/images/84/50/5888961560.jpg,7
/kaggle/working/sample_dataset/images/84/29/6695955621.jpg,7
/kaggle/working/sample_dataset/images/84/19/2681660235.jpg,11
/kaggle/working/sample_dataset/images/84/ec/5466424869.jpg,10
/kaggle/working/sample_dataset/images/84/fa/5189826733.jpg,12
/kaggle/working/sample_dataset/images/84/80/6881716776.jpg,16
/kaggle/working/sample_dataset/images/84/2f/8993478481.jpg,15
/kaggle/working/sample_dataset/images/84/22/5470151243.jpg,3
/kaggle/working/sample_dataset/images/4e/3c/715646117.jpg,2
/kaggle/working/sample_dataset/images/4e/9d/3186940643.jpg,2
/kaggle/working/sample_dataset/images/4e/5c/2663234467.jpg,10
/kaggle/working/sample_dataset/images/4e/bd/12738796693.jpg,14
/kaggle/working/sample_dataset/images/4e/de/5868570972.jpg,16
/kaggle/working/sample_dataset/images/4e/70/8311284521.jpg,13
/kaggle/working/sample_dataset/images/01/d3/6164345369.jpg,9
/kaggle/working/sample_dataset/images/01/ad/10644678853.jpg,2
/kaggle/working/sample_dataset/images/01/2e/13222968463.jpg,18
/kaggle/working/sample_dataset/images/01/f9/3807892123.jpg,16
/kaggle/working/sample_dataset/images/01/8d/3797399119.jpg,2
/kaggle/working/sample_dataset/images/01/11/6107070837.jpg,9
/kaggle/working/sample_dataset/images/df/6e/4943222886.jpg,19
/kaggle/working/sample_dataset/images/df/28/2969568997.jpg,1
/kaggle/working/sample_dataset/images/df/a9/5562302847.jpg,9
/kaggle/working/sample_dataset/images/df/2e/3925860348.jpg,1
/kaggle/working/sample_dataset/images/df/b3/2512859532.jpg,4
/kaggle/working/sample_dataset/images/df/84/280348297.jpg,19
/kaggle/working/sample_dataset/images/df/f5/5067369807.jpg,7
/kaggle/working/sample_dataset/images/df/34/9285506839.jpg,7
/kaggle/working/sample_dataset/images/c9/a4/3028973330.jpg,3
/kaggle/working/sample_dataset/images/c9/e5/121860672.jpg,2
/kaggle/working/sample_dataset/images/c9/43/1306928441.jpg,12
/kaggle/working/sample_dataset/images/c9/a5/9685620449.jpg,14
/kaggle/working/sample_dataset/images/c9/c7/831871784.jpg,6
/kaggle/working/sample_dataset/images/c9/49/9695920755.jpg,2
/kaggle/working/sample_dataset/images/c9/78/8423933258.jpg,8
/kaggle/working/sample_dataset/images/c9/73/7137886303.jpg,16
/kaggle/working/sample_dataset/images/66/09/516460910.jpg,12
/kaggle/working/sample_dataset/images/66/e7/4933724775.jpg,3
/kaggle/working/sample_dataset/images/66/28/406242190.jpg,9
/kaggle/working/sample_dataset/images/66/29/8573054543.jpg,10
/kaggle/working/sample_dataset/images/66/e2/8148117930.jpg,17
/kaggle/working/sample_dataset/images/66/06/3500669304.jpg,18
/kaggle/working/sample_dataset/images/66/a2/7950737550.jpg,2
/kaggle/working/sample_dataset/images/f3/27/6037632552.jpg,14
/kaggle/working/sample_dataset/images/f3/b9/5249709365.jpg,1
/kaggle/working/sample_dataset/images/f3/1c/484271763.jpg,9
/kaggle/working/sample_dataset/images/f3/51/9395226551.jpg,9
/kaggle/working/sample_dataset/images/f3/e6/1295293991.jpg,9
/kaggle/working/sample_dataset/images/f3/33/5780930991.jpg,4
/kaggle/working/sample_dataset/images/f3/dd/7925615264.jpg,16
/kaggle/working/sample_dataset/images/f3/ec/8457397586.jpg,18
/kaggle/working/sample_dataset/images/f3/b5/8054268062.jpg,1
/kaggle/working/sample_dataset/images/f3/b5/9241420880.jpg,17
/kaggle/working/sample_dataset/images/f3/4d/4975319176.jpg,10
/kaggle/working/sample_dataset/images/f3/df/10558629096.jpg,9
/kaggle/working/sample_dataset/images/f3/8e/9358059532.jpg,9
/kaggle/working/sample_dataset/images/f3/4c/4825247653.jpg,11
/kaggle/working/sample_dataset/images/f3/11/10671997174.jpg,17
/kaggle/working/sample_dataset/images/e9/bc/253969236.jpg,9
/kaggle/working/sample_dataset/images/e9/0c/8451159748.jpg,1
/kaggle/working/sample_dataset/images/e9/d3/2076956240.jpg,17
/kaggle/working/sample_dataset/images/e9/21/2289199605.jpg,18
/kaggle/working/sample_dataset/images/e9/ca/1309033972.jpg,19
/kaggle/working/sample_dataset/images/14/04/13664897553.jpg,10
/kaggle/working/sample_dataset/images/14/30/8324315563.jpg,1
/kaggle/working/sample_dataset/images/14/d8/4077522463.jpg,15
/kaggle/working/sample_dataset/images/25/a7/3225220606.jpg,3
/kaggle/working/sample_dataset/images/25/a4/8394433796.jpg,9
/kaggle/working/sample_dataset/images/25/58/3898091402.jpg,13
/kaggle/working/sample_dataset/images/25/17/5398190273.jpg,7
/kaggle/working/sample_dataset/images/25/ab/8647010223.jpg,3
/kaggle/working/sample_dataset/images/25/bd/101000322.jpg,2
/kaggle/working/sample_dataset/images/25/4c/3034486683.jpg,9
/kaggle/working/sample_dataset/images/25/dc/6158482028.jpg,2
/kaggle/working/sample_dataset/images/63/bc/2707102228.jpg,7
/kaggle/working/sample_dataset/images/63/d3/804739880.jpg,3
/kaggle/working/sample_dataset/images/63/1c/3931255889.jpg,2
/kaggle/working/sample_dataset/images/63/69/3535960077.jpg,3
/kaggle/working/sample_dataset/images/63/e5/8223524451.jpg,17
/kaggle/working/sample_dataset/images/63/d8/5957912476.jpg,2
/kaggle/working/sample_dataset/images/63/87/12909412783.jpg,2
/kaggle/working/sample_dataset/images/63/65/8709215285.jpg,5
/kaggle/working/sample_dataset/images/63/e1/3940346532.jpg,4
/kaggle/working/sample_dataset/images/63/03/4845400534.jpg,9
/kaggle/working/sample_dataset/images/db/d5/5970397703.jpg,9
/kaggle/working/sample_dataset/images/db/27/6793353965.jpg,18
/kaggle/working/sample_dataset/images/db/91/9890667063.jpg,18
/kaggle/working/sample_dataset/images/db/1c/13457301614.jpg,2
/kaggle/working/sample_dataset/images/db/75/8390324039.jpg,11
/kaggle/working/sample_dataset/images/db/6d/9491206828.jpg,4
/kaggle/working/sample_dataset/images/db/a6/4892650852.jpg,13
/kaggle/working/sample_dataset/images/db/13/3201982742.jpg,13
/kaggle/working/sample_dataset/images/db/18/349045339.jpg,2
/kaggle/working/sample_dataset/images/41/bb/4211929862.jpg,1
/kaggle/working/sample_dataset/images/41/08/5289813347.jpg,13
/kaggle/working/sample_dataset/images/41/24/8275536696.jpg,0
/kaggle/working/sample_dataset/images/41/49/9442244863.jpg,14
/kaggle/working/sample_dataset/images/41/25/1429520369.jpg,9
/kaggle/working/sample_dataset/images/15/98/5805066761.jpg,12
/kaggle/working/sample_dataset/images/15/cb/202937456.jpg,18
/kaggle/working/sample_dataset/images/15/bf/4675405399.jpg,13
/kaggle/working/sample_dataset/images/48/30/7112534053.jpg,6
/kaggle/working/sample_dataset/images/48/f7/4471020391.jpg,1
/kaggle/working/sample_dataset/images/48/2a/1469166970.jpg,19
/kaggle/working/sample_dataset/images/48/da/5182662631.jpg,8
/kaggle/working/sample_dataset/images/48/ee/4475951011.jpg,6
/kaggle/working/sample_dataset/images/48/56/2079023236.jpg,14
/kaggle/working/sample_dataset/images/48/af/5628182826.jpg,2
/kaggle/working/sample_dataset/images/48/1e/5273613840.jpg,12
/kaggle/working/sample_dataset/images/48/c8/4286333407.jpg,15
/kaggle/working/sample_dataset/images/48/9a/8283430253.jpg,5
/kaggle/working/sample_dataset/images/48/88/13231054493.jpg,3
/kaggle/working/sample_dataset/images/48/22/3805077153.jpg,16
/kaggle/working/sample_dataset/images/62/2d/3384463274.jpg,3
/kaggle/working/sample_dataset/images/62/ee/4598275972.jpg,6
/kaggle/working/sample_dataset/images/62/98/403909620.jpg,15
/kaggle/working/sample_dataset/images/62/63/8375252091.jpg,5
/kaggle/working/sample_dataset/images/62/a3/206621533.jpg,7
/kaggle/working/sample_dataset/images/62/4c/5157204941.jpg,16
/kaggle/working/sample_dataset/images/62/07/483903219.jpg,9
/kaggle/working/sample_dataset/images/fb/ef/4895696328.jpg,9
/kaggle/working/sample_dataset/images/fb/8b/3557503751.jpg,6
/kaggle/working/sample_dataset/images/fb/66/7476063914.jpg,1
/kaggle/working/sample_dataset/images/fb/59/3482317817.jpg,2
/kaggle/working/sample_dataset/images/64/3a/557019468.jpg,18
/kaggle/working/sample_dataset/images/64/27/437262316.jpg,1
/kaggle/working/sample_dataset/images/64/b9/3674741436.jpg,12
/kaggle/working/sample_dataset/images/64/99/2603091757.jpg,2
/kaggle/working/sample_dataset/images/64/4d/3714551731.jpg,7
/kaggle/working/sample_dataset/images/64/16/3076649258.jpg,2
/kaggle/working/sample_dataset/images/64/f6/4609538094.jpg,4
/kaggle/working/sample_dataset/images/8c/40/1998743985.jpg,13
/kaggle/working/sample_dataset/images/8c/ac/237189725.jpg,3
/kaggle/working/sample_dataset/images/8c/1d/6524965201.jpg,16
/kaggle/working/sample_dataset/images/8c/f9/9522018646.jpg,13
/kaggle/working/sample_dataset/images/8c/ce/8006248995.jpg,2
/kaggle/working/sample_dataset/images/8c/62/5512904603.jpg,14
/kaggle/working/sample_dataset/images/8c/88/3454034873.jpg,1
/kaggle/working/sample_dataset/images/12/54/5794402184.jpg,2
/kaggle/working/sample_dataset/images/12/40/3042698900.jpg,16
/kaggle/working/sample_dataset/images/12/c2/2461980452.jpg,3
/kaggle/working/sample_dataset/images/12/fe/690943974.jpg,1
/kaggle/working/sample_dataset/images/12/6d/8482390510.jpg,19
/kaggle/working/sample_dataset/images/12/cb/480918834.jpg,11
/kaggle/working/sample_dataset/images/5c/04/8525415346.jpg,15
/kaggle/working/sample_dataset/images/5c/04/121283055.jpg,9
/kaggle/working/sample_dataset/images/5c/0f/8537264218.jpg,2
/kaggle/working/sample_dataset/images/5c/b4/125431450.jpg,1
/kaggle/working/sample_dataset/images/5c/64/7451659110.jpg,12
/kaggle/working/sample_dataset/images/5c/9c/9116990405.jpg,4
/kaggle/working/sample_dataset/images/b8/cc/8748382760.jpg,17
/kaggle/working/sample_dataset/images/b8/fc/6193645438.jpg,10
/kaggle/working/sample_dataset/images/b8/02/4801487297.jpg,5
/kaggle/working/sample_dataset/images/b8/1e/11362965254.jpg,14
/kaggle/working/sample_dataset/images/b8/aa/3201475400.jpg,2
/kaggle/working/sample_dataset/images/b8/ea/7174367585.jpg,15
/kaggle/working/sample_dataset/images/83/f7/2837038261.jpg,17
/kaggle/working/sample_dataset/images/83/cc/2416200993.jpg,7
/kaggle/working/sample_dataset/images/83/0f/5649606978.jpg,14
/kaggle/working/sample_dataset/images/83/02/7745179590.jpg,1
/kaggle/working/sample_dataset/images/83/f0/2997395774.jpg,11
/kaggle/working/sample_dataset/images/83/82/6839109816.jpg,5
/kaggle/working/sample_dataset/images/83/7c/387360445.jpg,12
/kaggle/working/sample_dataset/images/83/2b/7472492830.jpg,19
/kaggle/working/sample_dataset/images/83/5c/355552112.jpg,2
/kaggle/working/sample_dataset/images/83/78/4107304582.jpg,13
/kaggle/working/sample_dataset/images/83/20/4934919823.jpg,12
/kaggle/working/sample_dataset/images/9a/69/9573637716.jpg,15
/kaggle/working/sample_dataset/images/9a/55/5871575586.jpg,2
/kaggle/working/sample_dataset/images/9a/f3/8277029853.jpg,3
/kaggle/working/sample_dataset/images/9a/6c/4007482892.jpg,6
/kaggle/working/sample_dataset/images/17/ae/13890771686.jpg,17
/kaggle/working/sample_dataset/images/17/0d/5233707464.jpg,2
/kaggle/working/sample_dataset/images/17/f2/4611984070.jpg,2
/kaggle/working/sample_dataset/images/17/4a/6837847520.jpg,7
/kaggle/working/sample_dataset/images/17/6c/3099554173.jpg,19
/kaggle/working/sample_dataset/images/17/b0/8922460214.jpg,5
/kaggle/working/sample_dataset/images/17/68/1379293074.jpg,5
/kaggle/working/sample_dataset/images/78/0e/9512866509.jpg,8
/kaggle/working/sample_dataset/images/78/e5/754739333.jpg,7
/kaggle/working/sample_dataset/images/78/c1/6501602319.jpg,9
/kaggle/working/sample_dataset/images/78/2e/3551087835.jpg,6
/kaggle/working/sample_dataset/images/78/c8/9542807897.jpg,16
/kaggle/working/sample_dataset/images/78/06/6350006086.jpg,2
/kaggle/working/sample_dataset/images/78/4e/9320169415.jpg,1
/kaggle/working/sample_dataset/images/78/4e/2396350234.jpg,4
/kaggle/working/sample_dataset/images/78/c5/3253520733.jpg,6
/kaggle/working/sample_dataset/images/3b/35/486175473.jpg,5
/kaggle/working/sample_dataset/images/3b/cc/3493148593.jpg,11
/kaggle/working/sample_dataset/images/3b/55/197125289.jpg,9
/kaggle/working/sample_dataset/images/3b/5a/3326048785.jpg,2
/kaggle/working/sample_dataset/images/3b/c7/7989635390.jpg,16
/kaggle/working/sample_dataset/images/3b/aa/2641509409.jpg,2
/kaggle/working/sample_dataset/images/3b/15/445449003.jpg,8
/kaggle/working/sample_dataset/images/3b/fb/4981877715.jpg,3
/kaggle/working/sample_dataset/images/3b/17/9386701378.jpg,13
/kaggle/working/sample_dataset/images/3b/17/5383916234.jpg,19
/kaggle/working/sample_dataset/images/3b/7a/3089336587.jpg,0
/kaggle/working/sample_dataset/images/3b/07/3980275052.jpg,1
/kaggle/working/sample_dataset/images/3b/a8/6337154627.jpg,6
/kaggle/working/sample_dataset/images/b6/33/8857895417.jpg,1
/kaggle/working/sample_dataset/images/b6/0f/4695348939.jpg,2
/kaggle/working/sample_dataset/images/b6/d4/5425260495.jpg,17
/kaggle/working/sample_dataset/images/b6/6a/2398584763.jpg,1
/kaggle/working/sample_dataset/images/b6/87/13544359194.jpg,3
/kaggle/working/sample_dataset/images/b6/b2/254836700.jpg,14
/kaggle/working/sample_dataset/images/f5/74/7930550118.jpg,15
/kaggle/working/sample_dataset/images/f5/0f/492799988.jpg,10
/kaggle/working/sample_dataset/images/f5/e7/5199053399.jpg,6
/kaggle/working/sample_dataset/images/f5/d4/9240022998.jpg,9
/kaggle/working/sample_dataset/images/f5/c5/4407269778.jpg,12
/kaggle/working/sample_dataset/images/96/54/2375834566.jpg,1
/kaggle/working/sample_dataset/images/96/57/4433389347.jpg,13
/kaggle/working/sample_dataset/images/96/e9/2487128739.jpg,1
/kaggle/working/sample_dataset/images/96/70/2444367256.jpg,17
/kaggle/working/sample_dataset/images/96/6f/7990082217.jpg,0
/kaggle/working/sample_dataset/images/3e/a4/2485239774.jpg,16
/kaggle/working/sample_dataset/images/3e/cf/2612332952.jpg,11
/kaggle/working/sample_dataset/images/3e/32/2241593402.jpg,2
/kaggle/working/sample_dataset/images/3e/87/7415950988.jpg,3
/kaggle/working/sample_dataset/images/3e/d0/4760332257.jpg,13
/kaggle/working/sample_dataset/images/1b/b9/1000614734.jpg,9
/kaggle/working/sample_dataset/images/1b/55/6287472413.jpg,0
/kaggle/working/sample_dataset/images/31/bc/4628260015.jpg,2
/kaggle/working/sample_dataset/images/31/79/7582007504.jpg,17
/kaggle/working/sample_dataset/images/31/53/185893130.jpg,15
/kaggle/working/sample_dataset/images/31/f0/451265027.jpg,13
/kaggle/working/sample_dataset/images/31/4b/3616886957.jpg,17
/kaggle/working/sample_dataset/images/31/89/4229511121.jpg,16
/kaggle/working/sample_dataset/images/31/c5/294787042.jpg,3
/kaggle/working/sample_dataset/images/31/b0/4306039983.jpg,17
/kaggle/working/sample_dataset/images/88/54/2664295791.jpg,11
/kaggle/working/sample_dataset/images/88/f7/2801306530.jpg,2
/kaggle/working/sample_dataset/images/88/d3/2653442783.jpg,18
/kaggle/working/sample_dataset/images/88/8f/266299684.jpg,11
/kaggle/working/sample_dataset/images/88/83/253849849.jpg,9
/kaggle/working/sample_dataset/images/88/44/186343515.jpg,0
/kaggle/working/sample_dataset/images/88/6c/148172305.jpg,15
/kaggle/working/sample_dataset/images/88/a8/6425468641.jpg,2
/kaggle/working/sample_dataset/images/4a/91/4263626169.jpg,12
/kaggle/working/sample_dataset/images/4a/f0/3694534001.jpg,9
/kaggle/working/sample_dataset/images/4a/ec/2753879691.jpg,2
/kaggle/working/sample_dataset/images/4a/47/2440604579.jpg,7
/kaggle/working/sample_dataset/images/4a/b5/9273027318.jpg,6
/kaggle/working/sample_dataset/images/4a/84/1392927076.jpg,6
/kaggle/working/sample_dataset/images/4a/b6/5289653749.jpg,1
/kaggle/working/sample_dataset/images/7b/ae/5818482329.jpg,3
/kaggle/working/sample_dataset/images/7b/3c/7255940076.jpg,8
/kaggle/working/sample_dataset/images/7b/05/393180707.jpg,19
/kaggle/working/sample_dataset/images/7b/60/10153831146.jpg,16
/kaggle/working/sample_dataset/images/7b/8b/54244614.jpg,9
/kaggle/working/sample_dataset/images/7b/c3/8003671801.jpg,17
/kaggle/working/sample_dataset/images/7b/e4/4714647636.jpg,2
/kaggle/working/sample_dataset/images/7b/5a/5143644484.jpg,2
/kaggle/working/sample_dataset/images/7b/1b/5238974787.jpg,10
/kaggle/working/sample_dataset/images/7b/26/447633467.jpg,19
/kaggle/working/sample_dataset/images/7b/03/4907932836.jpg,14
/kaggle/working/sample_dataset/images/7b/a8/2415537189.jpg,2
/kaggle/working/sample_dataset/images/18/3a/196430054.jpg,6
/kaggle/working/sample_dataset/images/18/0d/8731109454.jpg,15
/kaggle/working/sample_dataset/images/18/9e/390232543.jpg,11
/kaggle/working/sample_dataset/images/18/ff/3443205009.jpg,3
/kaggle/working/sample_dataset/images/18/aa/6327417800.jpg,16
/kaggle/working/sample_dataset/images/18/bd/191806320.jpg,15
/kaggle/working/sample_dataset/images/18/72/6926394964.jpg,16
/kaggle/working/sample_dataset/images/a0/40/2329194323.jpg,2
/kaggle/working/sample_dataset/images/a0/91/337689070.jpg,2
/kaggle/working/sample_dataset/images/a0/84/7826526410.jpg,1
/kaggle/working/sample_dataset/images/a0/78/3464014670.jpg,9
/kaggle/working/sample_dataset/images/34/35/5124067481.jpg,8
/kaggle/working/sample_dataset/images/34/ba/3639698878.jpg,1
/kaggle/working/sample_dataset/images/34/a4/5397809006.jpg,7
/kaggle/working/sample_dataset/images/34/e8/5110016296.jpg,12
/kaggle/working/sample_dataset/images/34/42/8478443791.jpg,1
/kaggle/working/sample_dataset/images/34/6b/2655647301.jpg,19
/kaggle/working/sample_dataset/images/34/6b/200008544.jpg,1
/kaggle/working/sample_dataset/images/34/63/5492484636.jpg,19
/kaggle/working/sample_dataset/images/34/b6/938063908.jpg,10
/kaggle/working/sample_dataset/images/34/6f/2499766603.jpg,2
/kaggle/working/sample_dataset/images/16/91/7801992016.jpg,9
/kaggle/working/sample_dataset/images/16/36/4604488810.jpg,3
/kaggle/working/sample_dataset/images/16/f8/3413959626.jpg,13
/kaggle/working/sample_dataset/images/16/14/78121752.jpg,3
/kaggle/working/sample_dataset/images/16/9a/5384536900.jpg,1
/kaggle/working/sample_dataset/images/16/6f/6475697937.jpg,15
/kaggle/working/sample_dataset/images/7a/0d/268671508.jpg,1
/kaggle/working/sample_dataset/images/7a/90/7042144925.jpg,18
/kaggle/working/sample_dataset/images/7a/e6/5428853281.jpg,16
/kaggle/working/sample_dataset/images/7a/13/2305108427.jpg,3
/kaggle/working/sample_dataset/images/7a/34/5749622427.jpg,16
/kaggle/working/sample_dataset/images/7a/07/7079860627.jpg,18
/kaggle/working/sample_dataset/images/20/17/3272594070.jpg,17
/kaggle/working/sample_dataset/images/20/b0/10558169374.jpg,17
/kaggle/working/sample_dataset/images/67/2d/6081668910.jpg,2
/kaggle/working/sample_dataset/images/67/32/8167081259.jpg,4
/kaggle/working/sample_dataset/images/67/c9/732050213.jpg,2
/kaggle/working/sample_dataset/images/67/8a/6023398671.jpg,1
/kaggle/working/sample_dataset/images/67/c6/1487957016.jpg,4
/kaggle/working/sample_dataset/images/67/22/5219275192.jpg,2
/kaggle/working/sample_dataset/images/89/dd/8419136905.jpg,16
/kaggle/working/sample_dataset/images/89/9d/3959781344.jpg,6
/kaggle/working/sample_dataset/images/89/af/2639250018.jpg,11
/kaggle/working/sample_dataset/images/89/98/447603108.jpg,9
/kaggle/working/sample_dataset/images/89/fa/6931219398.jpg,16
/kaggle/working/sample_dataset/images/89/7e/7949454108.jpg,7
/kaggle/working/sample_dataset/images/89/e9/3838226175.jpg,1
/kaggle/working/sample_dataset/images/89/fb/9252224764.jpg,6
/kaggle/working/sample_dataset/images/80/35/8294077068.jpg,1
/kaggle/working/sample_dataset/images/80/a4/489767181.jpg,9
/kaggle/working/sample_dataset/images/80/c0/5333503047.jpg,1
/kaggle/working/sample_dataset/images/80/44/4710235594.jpg,14
/kaggle/working/sample_dataset/images/80/6c/6016441328.jpg,11
/kaggle/working/sample_dataset/images/80/59/5496705260.jpg,4
/kaggle/working/sample_dataset/images/a3/69/10910205764.jpg,1
/kaggle/working/sample_dataset/images/a3/ea/2639255866.jpg,12
/kaggle/working/sample_dataset/images/a3/03/6203814208.jpg,10
/kaggle/working/sample_dataset/images/f6/02/4770067043.jpg,12
/kaggle/working/sample_dataset/images/f6/b3/5916561499.jpg,2
/kaggle/working/sample_dataset/images/f6/c0/4599440616.jpg,14
/kaggle/working/sample_dataset/images/f6/c9/6979130767.jpg,9
/kaggle/working/sample_dataset/images/f6/4a/2057307177.jpg,5
/kaggle/working/sample_dataset/images/f6/d6/6937559885.jpg,3
/kaggle/working/sample_dataset/images/45/54/8651574470.jpg,1
/kaggle/working/sample_dataset/images/45/0d/4557655808.jpg,1
/kaggle/working/sample_dataset/images/45/cf/6189535017.jpg,17
/kaggle/working/sample_dataset/images/45/9d/8580478412.jpg,1
/kaggle/working/sample_dataset/images/45/87/3273274378.jpg,15
/kaggle/working/sample_dataset/images/45/d1/4285359410.jpg,2
/kaggle/working/sample_dataset/images/86/2d/2751112690.jpg,17
/kaggle/working/sample_dataset/images/86/d1/4162823487.jpg,3
/kaggle/working/sample_dataset/images/86/bd/7085155779.jpg,2
/kaggle/working/sample_dataset/images/86/22/6675950639.jpg,12
/kaggle/working/sample_dataset/images/44/e5/8314924739.jpg,1
/kaggle/working/sample_dataset/images/44/79/466554256.jpg,1
/kaggle/working/sample_dataset/images/44/d2/1324239645.jpg,17
/kaggle/working/sample_dataset/images/44/5a/7279266912.jpg,2
/kaggle/working/sample_dataset/images/44/f0/2522492794.jpg,11
/kaggle/working/sample_dataset/images/44/d9/2634663684.jpg,16
/kaggle/working/sample_dataset/images/44/17/5118296639.jpg,4
/kaggle/working/sample_dataset/images/44/44/313033606.jpg,5
/kaggle/working/sample_dataset/images/44/b1/3867139502.jpg,1
/kaggle/working/sample_dataset/images/8a/3c/4035904929.jpg,9
/kaggle/working/sample_dataset/images/8a/0c/5324768345.jpg,12
/kaggle/working/sample_dataset/images/8a/dd/10391078066.jpg,1
/kaggle/working/sample_dataset/images/8a/98/6473181655.jpg,5
/kaggle/working/sample_dataset/images/8a/95/4752739188.jpg,0
/kaggle/working/sample_dataset/images/8a/df/4332563619.jpg,1
/kaggle/working/sample_dataset/images/8a/17/9714349694.jpg,14
/kaggle/working/sample_dataset/images/8a/3e/2487569278.jpg,1
/kaggle/working/sample_dataset/images/8a/a3/3086151066.jpg,7
/kaggle/working/sample_dataset/images/8a/8e/5219318148.jpg,9
/kaggle/working/sample_dataset/images/c5/51/1030136119.jpg,2
/kaggle/working/sample_dataset/images/c5/0a/1505373987.jpg,9
/kaggle/working/sample_dataset/images/c5/9a/2358647679.jpg,3
/kaggle/working/sample_dataset/images/c5/44/7981510338.jpg,1
/kaggle/working/sample_dataset/images/c5/70/2075092194.jpg,15
/kaggle/working/sample_dataset/images/d1/be/2289833145.jpg,3
/kaggle/working/sample_dataset/images/d1/ee/2083669302.jpg,16
/kaggle/working/sample_dataset/images/d1/d4/3105114767.jpg,10
/kaggle/working/sample_dataset/images/d1/f9/6698445833.jpg,1
/kaggle/working/sample_dataset/images/d1/f3/12349699055.jpg,1
/kaggle/working/sample_dataset/images/d1/3e/454345730.jpg,17
/kaggle/working/sample_dataset/images/d1/b1/5769729815.jpg,2
/kaggle/working/sample_dataset/images/d1/dc/4077679073.jpg,7
/kaggle/working/sample_dataset/images/d1/de/6146249064.jpg,1
/kaggle/working/sample_dataset/images/a2/2d/4080984275.jpg,8
/kaggle/working/sample_dataset/images/a2/7d/8540815074.jpg,1
/kaggle/working/sample_dataset/images/a2/43/3560947690.jpg,14
/kaggle/working/sample_dataset/images/a2/63/2035865594.jpg,6
/kaggle/working/sample_dataset/images/a2/9a/5675414214.jpg,3
/kaggle/working/sample_dataset/images/a2/1f/2186220699.jpg,15
/kaggle/working/sample_dataset/images/a2/e1/9285473655.jpg,3
/kaggle/working/sample_dataset/images/ab/2c/6777962929.jpg,4
/kaggle/working/sample_dataset/images/ab/e6/8569195973.jpg,18
/kaggle/working/sample_dataset/images/ab/33/1459240745.jpg,2
/kaggle/working/sample_dataset/images/ab/af/6975259373.jpg,16
/kaggle/working/sample_dataset/images/ab/4e/4125405119.jpg,2
/kaggle/working/sample_dataset/images/ab/8c/9412147651.jpg,1
/kaggle/working/sample_dataset/images/ab/3b/6856514025.jpg,18
/kaggle/working/sample_dataset/images/ab/11/4144547480.jpg,1
/kaggle/working/sample_dataset/images/bf/bc/6787434699.jpg,9
/kaggle/working/sample_dataset/images/bf/2a/8711180942.jpg,2
/kaggle/working/sample_dataset/images/bf/e0/4619428320.jpg,2
/kaggle/working/sample_dataset/images/bf/2e/6462243737.jpg,19
/kaggle/working/sample_dataset/images/bf/6d/2781206969.jpg,10
/kaggle/working/sample_dataset/images/bf/6b/13577600.jpg,3
/kaggle/working/sample_dataset/images/bf/cb/8590192935.jpg,1
/kaggle/working/sample_dataset/images/bf/12/6701218111.jpg,17
/kaggle/working/sample_dataset/images/bf/9a/5936057023.jpg,3
/kaggle/working/sample_dataset/images/bf/ca/2932671455.jpg,2
/kaggle/working/sample_dataset/images/bf/11/13623602844.jpg,3
/kaggle/working/sample_dataset/images/d6/52/530192142.jpg,17
/kaggle/working/sample_dataset/images/d6/69/1795645995.jpg,15
/kaggle/working/sample_dataset/images/d6/0f/9575657535.jpg,2
/kaggle/working/sample_dataset/images/d6/fc/2551954144.jpg,2
/kaggle/working/sample_dataset/images/d6/75/207967926.jpg,4
/kaggle/working/sample_dataset/images/d6/f0/6062349250.jpg,12
/kaggle/working/sample_dataset/images/d6/08/9276703883.jpg,10
/kaggle/working/sample_dataset/images/d6/37/364611774.jpg,9
/kaggle/working/sample_dataset/images/d6/10/2136393105.jpg,2
/kaggle/working/sample_dataset/images/d6/b5/7968801884.jpg,19
/kaggle/working/sample_dataset/images/d6/49/12655204475.jpg,2
/kaggle/working/sample_dataset/images/d6/7a/5438147492.jpg,15
/kaggle/working/sample_dataset/images/d6/1f/9142117724.jpg,1
/kaggle/working/sample_dataset/images/1f/0c/464916598.jpg,9
/kaggle/working/sample_dataset/images/1f/2d/509786268.jpg,18
/kaggle/working/sample_dataset/images/1f/60/1105880435.jpg,0
/kaggle/working/sample_dataset/images/1f/d2/12530068803.jpg,9
/kaggle/working/sample_dataset/images/1f/e0/3148585029.jpg,8
/kaggle/working/sample_dataset/images/1f/a1/225923657.jpg,9
/kaggle/working/sample_dataset/images/1f/5e/5013364620.jpg,12
/kaggle/working/sample_dataset/images/1f/4d/4285973487.jpg,13
/kaggle/working/sample_dataset/images/1f/8c/2155199942.jpg,3
/kaggle/working/sample_dataset/images/1f/17/1583652387.jpg,17
/kaggle/working/sample_dataset/images/1f/f5/6786844504.jpg,2
/kaggle/working/sample_dataset/images/1f/45/3787344424.jpg,18
/kaggle/working/sample_dataset/images/1f/26/3512385753.jpg,19
/kaggle/working/sample_dataset/images/eb/77/8496264444.jpg,1
/kaggle/working/sample_dataset/images/eb/8f/2692404245.jpg,9
/kaggle/working/sample_dataset/images/eb/cb/1821999720.jpg,2
/kaggle/working/sample_dataset/images/eb/2b/221436861.jpg,2
/kaggle/working/sample_dataset/images/eb/b6/78789831.jpg,9
/kaggle/working/sample_dataset/images/eb/b6/8231932429.jpg,1
/kaggle/working/sample_dataset/images/8e/74/238781676.jpg,19
/kaggle/working/sample_dataset/images/8e/74/5372525502.jpg,9
/kaggle/working/sample_dataset/images/8e/98/4608600617.jpg,19
/kaggle/working/sample_dataset/images/8e/a5/415085092.jpg,0
/kaggle/working/sample_dataset/images/8e/5a/5848802781.jpg,17
/kaggle/working/sample_dataset/images/8e/37/161205868.jpg,0
/kaggle/working/sample_dataset/images/8e/b5/818432065.jpg,1
/kaggle/working/sample_dataset/images/8e/66/2359329776.jpg,18
/kaggle/working/sample_dataset/images/8e/9a/8920726569.jpg,9
/kaggle/working/sample_dataset/images/8e/4a/10907112065.jpg,5
/kaggle/working/sample_dataset/images/8e/ca/4019441124.jpg,18
/kaggle/working/sample_dataset/images/b1/3a/2254550500.jpg,2
/kaggle/working/sample_dataset/images/b1/04/5097178643.jpg,15
/kaggle/working/sample_dataset/images/b1/f8/5277547056.jpg,3
/kaggle/working/sample_dataset/images/b1/5b/4481002214.jpg,10
/kaggle/working/sample_dataset/images/b1/56/2045883393.jpg,2
/kaggle/working/sample_dataset/images/b1/2b/6901630229.jpg,3
/kaggle/working/sample_dataset/images/b1/4b/1258157803.jpg,17
/kaggle/working/sample_dataset/images/b1/4b/3110129037.jpg,10
/kaggle/working/sample_dataset/images/b1/49/2056658040.jpg,17
/kaggle/working/sample_dataset/images/65/c2/7949035034.jpg,1
/kaggle/working/sample_dataset/images/65/c7/6846539398.jpg,1
/kaggle/working/sample_dataset/images/65/c8/66585641.jpg,2
/kaggle/working/sample_dataset/images/65/10/8710797678.jpg,11
/kaggle/working/sample_dataset/images/65/84/1355689957.jpg,9
/kaggle/working/sample_dataset/images/65/8e/241210656.jpg,13
/kaggle/working/sample_dataset/images/65/b1/4356334054.jpg,0
/kaggle/working/sample_dataset/images/65/c6/3390066871.jpg,11
/kaggle/working/sample_dataset/images/46/27/8888159053.jpg,1
/kaggle/working/sample_dataset/images/46/2a/2446713815.jpg,11
/kaggle/working/sample_dataset/images/46/d7/6796495597.jpg,5
/kaggle/working/sample_dataset/images/46/43/2283426285.jpg,1
/kaggle/working/sample_dataset/images/46/ef/5033736306.jpg,3
/kaggle/working/sample_dataset/images/46/95/6138309262.jpg,19
/kaggle/working/sample_dataset/images/46/4d/3169941250.jpg,17
/kaggle/working/sample_dataset/images/46/16/6857643593.jpg,1
/kaggle/working/sample_dataset/images/46/8a/6381540171.jpg,4
/kaggle/working/sample_dataset/images/46/b2/3261914099.jpg,2
/kaggle/working/sample_dataset/images/92/04/9032318345.jpg,14
/kaggle/working/sample_dataset/images/92/be/3708875399.jpg,1
/kaggle/working/sample_dataset/images/92/ac/2039103412.jpg,8
/kaggle/working/sample_dataset/images/92/d2/10229523314.jpg,16
/kaggle/working/sample_dataset/images/92/9a/1855237984.jpg,5
/kaggle/working/sample_dataset/images/92/3e/3989627963.jpg,9
/kaggle/working/sample_dataset/images/92/03/3922369811.jpg,9
/kaggle/working/sample_dataset/images/26/43/3459091876.jpg,10
/kaggle/working/sample_dataset/images/26/a9/199089217.jpg,18
/kaggle/working/sample_dataset/images/26/d4/9486857322.jpg,5
/kaggle/working/sample_dataset/images/26/f0/2295587711.jpg,1
/kaggle/working/sample_dataset/images/26/06/4164488971.jpg,9
/kaggle/working/sample_dataset/images/26/46/205234998.jpg,9
/kaggle/working/sample_dataset/images/26/26/18695822.jpg,9
/kaggle/working/sample_dataset/images/26/bd/7160734295.jpg,19
/kaggle/working/sample_dataset/images/6c/0d/6814272631.jpg,7
/kaggle/working/sample_dataset/images/6c/ed/240535914.jpg,7
/kaggle/working/sample_dataset/images/6c/a9/3124528461.jpg,14
/kaggle/working/sample_dataset/images/6c/42/6137163972.jpg,0
/kaggle/working/sample_dataset/images/6c/cb/3849586695.jpg,2
/kaggle/working/sample_dataset/images/6c/85/920810504.jpg,15
/kaggle/working/sample_dataset/images/6c/47/3198381789.jpg,2
/kaggle/working/sample_dataset/images/6c/3b/7337650636.jpg,7
/kaggle/working/sample_dataset/images/6c/20/6191693066.jpg,10
/kaggle/working/sample_dataset/images/6c/a3/6756167749.jpg,8
/kaggle/working/sample_dataset/images/6c/03/7372245944.jpg,14
/kaggle/working/sample_dataset/images/bd/39/3582255521.jpg,7
/kaggle/working/sample_dataset/images/bd/df/5414179895.jpg,12
/kaggle/working/sample_dataset/images/bd/4a/4254945618.jpg,18
/kaggle/working/sample_dataset/images/bd/9c/4951786298.jpg,14
/kaggle/working/sample_dataset/images/4c/ae/4147953735.jpg,9
/kaggle/working/sample_dataset/images/4c/cc/5310223717.jpg,14
/kaggle/working/sample_dataset/images/4c/2a/2875306694.jpg,9
/kaggle/working/sample_dataset/images/4c/0f/3900594385.jpg,3
/kaggle/working/sample_dataset/images/4c/0b/2487775114.jpg,2
/kaggle/working/sample_dataset/images/4c/c9/3389948324.jpg,1
/kaggle/working/sample_dataset/images/4c/31/2789318869.jpg,2
/kaggle/working/sample_dataset/images/4c/46/1366066859.jpg,2
/kaggle/working/sample_dataset/images/2f/ef/3284049390.jpg,9
/kaggle/working/sample_dataset/images/2f/e4/746991332.jpg,0
/kaggle/working/sample_dataset/images/2f/57/12486086264.jpg,2
/kaggle/working/sample_dataset/images/2f/a8/5336464069.jpg,16
/kaggle/working/sample_dataset/images/dc/5f/6296224454.jpg,10
/kaggle/working/sample_dataset/images/dc/a9/5546797556.jpg,16
/kaggle/working/sample_dataset/images/dc/9b/289882878.jpg,17
/kaggle/working/sample_dataset/images/dc/ee/13563502385.jpg,6
/kaggle/working/sample_dataset/images/dc/0b/4495032021.jpg,9
/kaggle/working/sample_dataset/images/dc/10/6074371050.jpg,14
/kaggle/working/sample_dataset/images/dc/07/7159235652.jpg,4
/kaggle/working/sample_dataset/images/dc/8d/7705752406.jpg,9
/kaggle/working/sample_dataset/images/dc/68/144825704.jpg,11
/kaggle/working/sample_dataset/images/9c/d5/3792910356.jpg,12
/kaggle/working/sample_dataset/images/9c/50/2148356440.jpg,2
/kaggle/working/sample_dataset/images/9c/06/11248864765.jpg,1
/kaggle/working/sample_dataset/images/9c/6b/5202286619.jpg,17
/kaggle/working/sample_dataset/images/9c/4c/5425393791.jpg,8
/kaggle/working/sample_dataset/images/9c/73/5642521156.jpg,10
/kaggle/working/sample_dataset/images/61/90/352481679.jpg,17
/kaggle/working/sample_dataset/images/61/f4/3477218020.jpg,12
/kaggle/working/sample_dataset/images/61/fc/8949555057.jpg,9
/kaggle/working/sample_dataset/images/61/60/396385257.jpg,2
/kaggle/working/sample_dataset/images/61/8b/146129509.jpg,3
/kaggle/working/sample_dataset/images/61/e8/5237395516.jpg,10
/kaggle/working/sample_dataset/images/61/26/8442791387.jpg,1
/kaggle/working/sample_dataset/images/61/61/12331013894.jpg,13
/kaggle/working/sample_dataset/images/e1/ae/6212447955.jpg,1
/kaggle/working/sample_dataset/images/e1/04/7893985418.jpg,3
/kaggle/working/sample_dataset/images/e1/6e/8899127138.jpg,18
/kaggle/working/sample_dataset/images/e1/c1/513995377.jpg,2
/kaggle/working/sample_dataset/images/e1/fc/274692945.jpg,18
/kaggle/working/sample_dataset/images/e1/76/4653051574.jpg,11
/kaggle/working/sample_dataset/images/e1/6a/5313324784.jpg,16
/kaggle/working/sample_dataset/images/e1/24/5460196607.jpg,9
/kaggle/working/sample_dataset/images/e1/c9/10880170514.jpg,8
/kaggle/working/sample_dataset/images/e1/e9/8592341466.jpg,13
/kaggle/working/sample_dataset/images/e1/a2/3109273707.jpg,1
/kaggle/working/sample_dataset/images/e1/03/2647057951.jpg,2
/kaggle/working/sample_dataset/images/07/ae/7811724616.jpg,6
/kaggle/working/sample_dataset/images/07/33/2566725815.jpg,8
/kaggle/working/sample_dataset/images/07/da/3704754920.jpg,2
/kaggle/working/sample_dataset/images/07/42/2979163551.jpg,11
/kaggle/working/sample_dataset/images/07/fa/11795179605.jpg,1
/kaggle/working/sample_dataset/images/07/47/7328487562.jpg,14
/kaggle/working/sample_dataset/images/07/12/2281326969.jpg,9
/kaggle/working/sample_dataset/images/07/a0/6531062009.jpg,11
/kaggle/working/sample_dataset/images/07/86/6450118777.jpg,12
/kaggle/working/sample_dataset/images/07/d1/5281665442.jpg,15
/kaggle/working/sample_dataset/images/07/59/7932546508.jpg,13
/kaggle/working/sample_dataset/images/c6/0d/137731651.jpg,9
/kaggle/working/sample_dataset/images/c6/9f/5963940043.jpg,10
/kaggle/working/sample_dataset/images/c6/98/9340846481.jpg,7
/kaggle/working/sample_dataset/images/c6/ea/3984827944.jpg,6
/kaggle/working/sample_dataset/images/c6/ab/2505255300.jpg,8
/kaggle/working/sample_dataset/images/c6/03/6012237955.jpg,4
/kaggle/working/sample_dataset/images/c6/22/8079667918.jpg,14
/kaggle/working/sample_dataset/images/c4/a7/8089062690.jpg,13
/kaggle/working/sample_dataset/images/c4/91/410061344.jpg,2
/kaggle/working/sample_dataset/images/c4/d7/4547320879.jpg,2
/kaggle/working/sample_dataset/images/c4/53/234099130.jpg,1
/kaggle/working/sample_dataset/images/c4/80/3072581168.jpg,1
/kaggle/working/sample_dataset/images/c4/92/5216013894.jpg,2
/kaggle/working/sample_dataset/images/c4/8d/2262587386.jpg,17
/kaggle/working/sample_dataset/images/c4/22/5399594475.jpg,1
/kaggle/working/sample_dataset/images/de/a7/8523385617.jpg,13
/kaggle/working/sample_dataset/images/de/0f/8473442453.jpg,19
/kaggle/working/sample_dataset/images/de/5b/6075928149.jpg,16
/kaggle/working/sample_dataset/images/de/e4/5766277474.jpg,10
/kaggle/working/sample_dataset/images/de/64/7908170074.jpg,0
/kaggle/working/sample_dataset/images/de/89/238025495.jpg,16
/kaggle/working/sample_dataset/images/de/4c/1039024120.jpg,3
/kaggle/working/sample_dataset/images/de/ca/5192502670.jpg,8
/kaggle/working/sample_dataset/images/ca/54/213395795.jpg,2
/kaggle/working/sample_dataset/images/ca/e3/7884584298.jpg,19
/kaggle/working/sample_dataset/images/ca/d3/2680246864.jpg,17
/kaggle/working/sample_dataset/images/ca/33/532380315.jpg,2
/kaggle/working/sample_dataset/images/ca/ed/7824570282.jpg,0
/kaggle/working/sample_dataset/images/ca/32/406565464.jpg,2
/kaggle/working/sample_dataset/images/ca/7c/2982016850.jpg,11
/kaggle/working/sample_dataset/images/ca/93/149392894.jpg,11
/kaggle/working/sample_dataset/images/ca/e9/171589306.jpg,10
/kaggle/working/sample_dataset/images/94/0e/3186145434.jpg,12
/kaggle/working/sample_dataset/images/94/ac/5876746406.jpg,17
/kaggle/working/sample_dataset/images/94/ac/6038917850.jpg,5
/kaggle/working/sample_dataset/images/94/28/162029666.jpg,14
/kaggle/working/sample_dataset/images/94/5b/9308100183.jpg,10
/kaggle/working/sample_dataset/images/94/e4/9425353159.jpg,6
/kaggle/working/sample_dataset/images/94/d4/6244380436.jpg,2
/kaggle/working/sample_dataset/images/94/7b/6236590937.jpg,4
/kaggle/working/sample_dataset/images/94/a0/2867487636.jpg,10
/kaggle/working/sample_dataset/images/94/7a/7275993308.jpg,3
/kaggle/working/sample_dataset/images/94/bf/9767210133.jpg,4
/kaggle/working/sample_dataset/images/94/8e/5462294726.jpg,13
/kaggle/working/sample_dataset/images/94/07/10446592633.jpg,18
/kaggle/working/sample_dataset/images/72/35/7738189094.jpg,15
/kaggle/working/sample_dataset/images/72/f7/5191216455.jpg,2
/kaggle/working/sample_dataset/images/72/cf/9429404997.jpg,12
/kaggle/working/sample_dataset/images/72/7f/6259371226.jpg,6
/kaggle/working/sample_dataset/images/72/c3/3162941219.jpg,0
/kaggle/working/sample_dataset/images/72/39/258911013.jpg,1
/kaggle/working/sample_dataset/images/72/24/4974974167.jpg,15
/kaggle/working/sample_dataset/images/03/35/3135498357.jpg,1
/kaggle/working/sample_dataset/images/03/0c/2167274372.jpg,2
/kaggle/working/sample_dataset/images/03/58/6508718881.jpg,5
/kaggle/working/sample_dataset/images/03/1c/7681574210.jpg,9
/kaggle/working/sample_dataset/images/03/a9/8421166908.jpg,0
/kaggle/working/sample_dataset/images/03/e2/107945489.jpg,2
/kaggle/working/sample_dataset/images/03/c0/7832386380.jpg,1
/kaggle/working/sample_dataset/images/03/47/2602275070.jpg,2
/kaggle/working/sample_dataset/images/03/67/5848882658.jpg,8
/kaggle/working/sample_dataset/images/03/89/160139614.jpg,17
/kaggle/working/sample_dataset/images/a8/a7/6149561205.jpg,10
/kaggle/working/sample_dataset/images/a8/91/4494968678.jpg,4
/kaggle/working/sample_dataset/images/a8/6e/4395703090.jpg,1
/kaggle/working/sample_dataset/images/a8/d7/4153512382.jpg,16
/kaggle/working/sample_dataset/images/a8/fd/1768627.jpg,15
/kaggle/working/sample_dataset/images/a8/80/6308938333.jpg,9
/kaggle/working/sample_dataset/images/a8/bf/7249187074.jpg,11
/kaggle/working/sample_dataset/images/70/3c/3577835921.jpg,14
/kaggle/working/sample_dataset/images/70/3c/8379767390.jpg,19
/kaggle/working/sample_dataset/images/70/d7/503612077.jpg,6
/kaggle/working/sample_dataset/images/70/fb/8043730482.jpg,13
/kaggle/working/sample_dataset/images/70/c5/8346287348.jpg,4
/kaggle/working/sample_dataset/images/70/dc/2336838077.jpg,1
/kaggle/working/sample_dataset/images/73/5d/5160416711.jpg,15
/kaggle/working/sample_dataset/images/73/63/3879581099.jpg,0
/kaggle/working/sample_dataset/images/73/89/3058722948.jpg,15
/kaggle/working/sample_dataset/images/73/6f/305177060.jpg,2
/kaggle/working/sample_dataset/images/8d/09/777488646.jpg,18
/kaggle/working/sample_dataset/images/8d/f9/161506425.jpg,9
/kaggle/working/sample_dataset/images/8d/66/2417220060.jpg,19
/kaggle/working/sample_dataset/images/8d/41/6324637213.jpg,3
/kaggle/working/sample_dataset/images/8d/3b/4244956361.jpg,9
/kaggle/working/sample_dataset/images/8d/18/6319696261.jpg,15
/kaggle/working/sample_dataset/images/8d/a3/11329908936.jpg,8
/kaggle/working/sample_dataset/images/6f/ba/203618010.jpg,9
/kaggle/working/sample_dataset/images/6f/c8/4798285651.jpg,18
/kaggle/working/sample_dataset/images/6f/87/3599435657.jpg,2
/kaggle/working/sample_dataset/images/6f/c9/8615421941.jpg,1
/kaggle/working/sample_dataset/images/6f/67/4029056570.jpg,10
/kaggle/working/sample_dataset/images/b0/ac/5276108705.jpg,9
/kaggle/working/sample_dataset/images/b0/d7/7396516824.jpg,16
/kaggle/working/sample_dataset/images/b0/b5/3380349590.jpg,13
/kaggle/working/sample_dataset/images/b0/14/6271968096.jpg,6
/kaggle/working/sample_dataset/images/b0/14/279493799.jpg,7
/kaggle/working/sample_dataset/images/b0/2f/121748815.jpg,18
/kaggle/working/sample_dataset/images/68/52/227096477.jpg,5
/kaggle/working/sample_dataset/images/68/56/2623147164.jpg,1
/kaggle/working/sample_dataset/images/68/af/9711081059.jpg,12
/kaggle/working/sample_dataset/images/68/84/4994386401.jpg,2
/kaggle/working/sample_dataset/images/68/83/6216365455.jpg,15
/kaggle/working/sample_dataset/images/59/75/4380223643.jpg,19
/kaggle/working/sample_dataset/images/59/d2/5830104906.jpg,9
/kaggle/working/sample_dataset/images/59/56/8970968876.jpg,1
/kaggle/working/sample_dataset/images/59/e0/1789493478.jpg,10
/kaggle/working/sample_dataset/images/59/c0/6789927508.jpg,17
/kaggle/working/sample_dataset/images/59/08/4694607863.jpg,10
/kaggle/working/sample_dataset/images/59/97/14000211316.jpg,1
/kaggle/working/sample_dataset/images/59/44/4832415704.jpg,14
/kaggle/working/sample_dataset/images/59/ab/2939352431.jpg,19
/kaggle/working/sample_dataset/images/59/68/6805841180.jpg,10
/kaggle/working/sample_dataset/images/b2/90/9214020567.jpg,14
/kaggle/working/sample_dataset/images/b2/69/2594041448.jpg,2
/kaggle/working/sample_dataset/images/b2/60/18046334.jpg,19
/kaggle/working/sample_dataset/images/b2/8f/7649759746.jpg,18
/kaggle/working/sample_dataset/images/b2/71/3257858248.jpg,0
/kaggle/working/sample_dataset/images/b2/82/244907277.jpg,10
/kaggle/working/sample_dataset/images/b2/00/6642775101.jpg,1
/kaggle/working/sample_dataset/images/b2/c9/7229498400.jpg,4
/kaggle/working/sample_dataset/images/b2/12/187873571.jpg,12
/kaggle/working/sample_dataset/images/11/2c/1382991068.jpg,18
/kaggle/working/sample_dataset/images/11/d3/9192763596.jpg,9
/kaggle/working/sample_dataset/images/11/e5/6907563872.jpg,9
/kaggle/working/sample_dataset/images/11/53/10926240074.jpg,13
/kaggle/working/sample_dataset/images/11/57/4723816825.jpg,1
/kaggle/working/sample_dataset/images/11/19/2379830374.jpg,1
/kaggle/working/sample_dataset/images/11/cb/2524934437.jpg,12
/kaggle/working/sample_dataset/images/11/db/4301950306.jpg,13
/kaggle/working/sample_dataset/images/11/17/2147718465.jpg,15
/kaggle/working/sample_dataset/images/d0/05/3825916715.jpg,17
/kaggle/working/sample_dataset/images/d0/a9/8655723795.jpg,15
/kaggle/working/sample_dataset/images/d0/b4/6083826497.jpg,16
/kaggle/working/sample_dataset/images/d0/9a/293506263.jpg,2
/kaggle/working/sample_dataset/images/22/f4/269617002.jpg,3
/kaggle/working/sample_dataset/images/22/3d/1381702981.jpg,14
/kaggle/working/sample_dataset/images/22/33/5122050726.jpg,9
/kaggle/working/sample_dataset/images/22/9e/5722446652.jpg,4
/kaggle/working/sample_dataset/images/22/8b/8148653566.jpg,13
/kaggle/working/sample_dataset/images/22/57/13430214015.jpg,9
/kaggle/working/sample_dataset/images/22/c0/6029491650.jpg,3
/kaggle/working/sample_dataset/images/22/fd/4404334434.jpg,9
/kaggle/working/sample_dataset/images/22/f1/3852505878.jpg,2
/kaggle/working/sample_dataset/images/22/63/8241638845.jpg,1
/kaggle/working/sample_dataset/images/22/18/5795913971.jpg,17
